material_id,date,demand
100016,2023-10-01,1
100345,2023-10-01,1
100463,2023-10-01,7
101692,2023-10-01,0
101998,2023-10-01,19
102675,2023-10-01,3
102791,2023-10-01,1
103112,2023-10-01,0
103469,2023-10-01,2
103582,2023-10-01,1
103768,2023-10-01,46
103841,2023-10-01,0
104185,2023-10-01,1
104192,2023-10-01,1
104417,2023-10-01,35
104423,2023-10-01,185
104515,2023-10-01,0
104647,2023-10-01,0
105610,2023-10-01,0
105773,2023-10-01,212
105795,2023-10-01,0
106195,2023-10-01,136
106322,2023-10-01,0
106348,2023-10-01,168
106563,2023-10-01,1
106903,2023-10-01,0
106952,2023-10-01,1
107039,2023-10-01,4801
107166,2023-10-01,1
107262,2023-10-01,0
107757,2023-10-01,0
108564,2023-10-01,0
108621,2023-10-01,2
108957,2023-10-01,0
109080,2023-10-01,290
109088,2023-10-01,0
109303,2023-10-01,4
109711,2023-10-01,1
110122,2023-10-01,15
110412,2023-10-01,29
110427,2023-10-01,3
110453,2023-10-01,0
110526,2023-10-01,6
110591,2023-10-01,1
110662,2023-10-01,0
110927,2023-10-01,2
111420,2023-10-01,1
111563,2023-10-01,0
111728,2023-10-01,1
112273,2023-10-01,0
112434,2023-10-01,0
112955,2023-10-01,3
113980,2023-10-01,0
114187,2023-10-01,0
114306,2023-10-01,0
114346,2023-10-01,1
115312,2023-10-01,0
116035,2023-10-01,1
116283,2023-10-01,12
116327,2023-10-01,1
116350,2023-10-01,1
116776,2023-10-01,1
116841,2023-10-01,350
116892,2023-10-01,113
117164,2023-10-01,0
117510,2023-10-01,3
117563,2023-10-01,0
118054,2023-10-01,0
118176,2023-10-01,2
118301,2023-10-01,0
118546,2023-10-01,0
118611,2023-10-01,0
118916,2023-10-01,41
119792,2023-10-01,1
119848,2023-10-01,2
120117,2023-10-01,84
120139,2023-10-01,0
120517,2023-10-01,3
120667,2023-10-01,0
120737,2023-10-01,1
120932,2023-10-01,5
122327,2023-10-01,1
122987,2023-10-01,0
123358,2023-10-01,5
123429,2023-10-01,47
123619,2023-10-01,0
124002,2023-10-01,2
124679,2023-10-01,7
124803,2023-10-01,0
125248,2023-10-01,1
125392,2023-10-01,0
125587,2023-10-01,3
125818,2023-10-01,6
126178,2023-10-01,0
126375,2023-10-01,0
126579,2023-10-01,236
127377,2023-10-01,0
127604,2023-10-01,0
128164,2023-10-01,0
128579,2023-10-01,0
128707,2023-10-01,3
128806,2023-10-01,0
129039,2023-10-01,0
129210,2023-10-01,0
129358,2023-10-01,0
129918,2023-10-01,0
129969,2023-10-01,0
130176,2023-10-01,2
131046,2023-10-01,358
131063,2023-10-01,0
131070,2023-10-01,0
131091,2023-10-01,2
131134,2023-10-01,144
131280,2023-10-01,1
131345,2023-10-01,3
131403,2023-10-01,0
131712,2023-10-01,3
132618,2023-10-01,0
132630,2023-10-01,0
132666,2023-10-01,588
132872,2023-10-01,9
132894,2023-10-01,214
133590,2023-10-01,1
133816,2023-10-01,0
134066,2023-10-01,39
134516,2023-10-01,6
134563,2023-10-01,4
134719,2023-10-01,15
134977,2023-10-01,4
135690,2023-10-01,3
135988,2023-10-01,0
136633,2023-10-01,0
136872,2023-10-01,0
137547,2023-10-01,0
137975,2023-10-01,0
138633,2023-10-01,0
138718,2023-10-01,292
139437,2023-10-01,0
140198,2023-10-01,0
141626,2023-10-01,7
142067,2023-10-01,0
142235,2023-10-01,1
142425,2023-10-01,0
143175,2023-10-01,1
143866,2023-10-01,1
145215,2023-10-01,0
145520,2023-10-01,2
145600,2023-10-01,133
146043,2023-10-01,0
146829,2023-10-01,18
147370,2023-10-01,9
148347,2023-10-01,15
148407,2023-10-01,121
148568,2023-10-01,0
148743,2023-10-01,43
148757,2023-10-01,1
148819,2023-10-01,10
148867,2023-10-01,1
149147,2023-10-01,9
150083,2023-10-01,3
150658,2023-10-01,1
151427,2023-10-01,6
151824,2023-10-01,0
152656,2023-10-01,2
153061,2023-10-01,36
153592,2023-10-01,10
153846,2023-10-01,1
154111,2023-10-01,81
154262,2023-10-01,1
154283,2023-10-01,3
154356,2023-10-01,0
154719,2023-10-01,0
154724,2023-10-01,0
154833,2023-10-01,64
154865,2023-10-01,0
154964,2023-10-01,23
155000,2023-10-01,0
155065,2023-10-01,6
155098,2023-10-01,89
155146,2023-10-01,0
156043,2023-10-01,1
156790,2023-10-01,0
156834,2023-10-01,0
157182,2023-10-01,0
157799,2023-10-01,1
158049,2023-10-01,0
158272,2023-10-01,1
158661,2023-10-01,2
158860,2023-10-01,0
159023,2023-10-01,9
159300,2023-10-01,3
159781,2023-10-01,0
159833,2023-10-01,0
160061,2023-10-01,0
160171,2023-10-01,12
160325,2023-10-01,0
160523,2023-10-01,1
160576,2023-10-01,0
160630,2023-10-01,2
160782,2023-10-01,21
161102,2023-10-01,14
161206,2023-10-01,0
161732,2023-10-01,1
162088,2023-10-01,5
162178,2023-10-01,0
162206,2023-10-01,0
162496,2023-10-01,5
162716,2023-10-01,51
162873,2023-10-01,16
163049,2023-10-01,1
163089,2023-10-01,0
163364,2023-10-01,42
163833,2023-10-01,67
164222,2023-10-01,85
164353,2023-10-01,0
164562,2023-10-01,0
164968,2023-10-01,1
165086,2023-10-01,7
165439,2023-10-01,59
166131,2023-10-01,7
166132,2023-10-01,0
166351,2023-10-01,1
166642,2023-10-01,2
166652,2023-10-01,74
167060,2023-10-01,1
167062,2023-10-01,48
167331,2023-10-01,0
167460,2023-10-01,1
167609,2023-10-01,112
168158,2023-10-01,11
168496,2023-10-01,0
169061,2023-10-01,3
169130,2023-10-01,1
169383,2023-10-01,4
170172,2023-10-01,19
170304,2023-10-01,17
170525,2023-10-01,0
171725,2023-10-01,0
172051,2023-10-01,19
172393,2023-10-01,2
173750,2023-10-01,0
173891,2023-10-01,2
173905,2023-10-01,0
174200,2023-10-01,0
175015,2023-10-01,0
175131,2023-10-01,0
176206,2023-10-01,1
176482,2023-10-01,1
176941,2023-10-01,1
177869,2023-10-01,0
178071,2023-10-01,0
178078,2023-10-01,0
178106,2023-10-01,4
178443,2023-10-01,240
179042,2023-10-01,11
179051,2023-10-01,0
179132,2023-10-01,13
179184,2023-10-01,3
179831,2023-10-01,203
180114,2023-10-01,0
180152,2023-10-01,0
180304,2023-10-01,2
180715,2023-10-01,1
180901,2023-10-01,0
181086,2023-10-01,85
181089,2023-10-01,12
181212,2023-10-01,0
181357,2023-10-01,2
181987,2023-10-01,0
182301,2023-10-01,1
182635,2023-10-01,278
182657,2023-10-01,1
182982,2023-10-01,0
183003,2023-10-01,0
183135,2023-10-01,407
183149,2023-10-01,6
183163,2023-10-01,0
183339,2023-10-01,2
184049,2023-10-01,44
184898,2023-10-01,3
185210,2023-10-01,33
185245,2023-10-01,111
185256,2023-10-01,319
185680,2023-10-01,9
185885,2023-10-01,4
186014,2023-10-01,1
186154,2023-10-01,404
186449,2023-10-01,9
186451,2023-10-01,0
186523,2023-10-01,1
186605,2023-10-01,54
186670,2023-10-01,5
186802,2023-10-01,0
186814,2023-10-01,0
187500,2023-10-01,25
187613,2023-10-01,0
187775,2023-10-01,0
187942,2023-10-01,91
188066,2023-10-01,41
188685,2023-10-01,0
188845,2023-10-01,7
189111,2023-10-01,0
189851,2023-10-01,1
190067,2023-10-01,1
190410,2023-10-01,0
191643,2023-10-01,104
192171,2023-10-01,2
192312,2023-10-01,0
192434,2023-10-01,49
192581,2023-10-01,0
192850,2023-10-01,7
193386,2023-10-01,2
193986,2023-10-01,0
194244,2023-10-01,1
194458,2023-10-01,27
194695,2023-10-01,6
195055,2023-10-01,0
195650,2023-10-01,1
195846,2023-10-01,0
195847,2023-10-01,0
195915,2023-10-01,307
196210,2023-10-01,0
196537,2023-10-01,1
196902,2023-10-01,80
197673,2023-10-01,0
197757,2023-10-01,1
197766,2023-10-01,1
199002,2023-10-01,7
199247,2023-10-01,0
199308,2023-10-01,2
199371,2023-10-01,2
199555,2023-10-01,0
199961,2023-10-01,0
200960,2023-10-01,1
200991,2023-10-01,0
201795,2023-10-01,14
201827,2023-10-01,13
201946,2023-10-01,0
202243,2023-10-01,1
202418,2023-10-01,0
202548,2023-10-01,21
202802,2023-10-01,2
203036,2023-10-01,0
203104,2023-10-01,1
203489,2023-10-01,0
203802,2023-10-01,8
204160,2023-10-01,0
204186,2023-10-01,0
204294,2023-10-01,2
204349,2023-10-01,0
204357,2023-10-01,1
204458,2023-10-01,3
205825,2023-10-01,1
206091,2023-10-01,1
206318,2023-10-01,0
206364,2023-10-01,3
206380,2023-10-01,7
206511,2023-10-01,0
206592,2023-10-01,40
206732,2023-10-01,21
206791,2023-10-01,0
206946,2023-10-01,29
207843,2023-10-01,11
207905,2023-10-01,2
207917,2023-10-01,0
208054,2023-10-01,7
208768,2023-10-01,11
208790,2023-10-01,33
208838,2023-10-01,3
208953,2023-10-01,184
208997,2023-10-01,7
209037,2023-10-01,1
209065,2023-10-01,1
209745,2023-10-01,8
210012,2023-10-01,2
210581,2023-10-01,1
210674,2023-10-01,65
210865,2023-10-01,426
211005,2023-10-01,0
211302,2023-10-01,4
211487,2023-10-01,1
211594,2023-10-01,1
211980,2023-10-01,3
212286,2023-10-01,128
212676,2023-10-01,0
213245,2023-10-01,2
213413,2023-10-01,17
213420,2023-10-01,19
213933,2023-10-01,6
214631,2023-10-01,2
214707,2023-10-01,13
214867,2023-10-01,1
215252,2023-10-01,0
215538,2023-10-01,0
215659,2023-10-01,2
215810,2023-10-01,2
215870,2023-10-01,10
216125,2023-10-01,280
216197,2023-10-01,38
217280,2023-10-01,0
217286,2023-10-01,6
217959,2023-10-01,120
218400,2023-10-01,0
218831,2023-10-01,8
218945,2023-10-01,16
219132,2023-10-01,1
219487,2023-10-01,7
219522,2023-10-01,0
219670,2023-10-01,5
219687,2023-10-01,4
219928,2023-10-01,0
219968,2023-10-01,0
220112,2023-10-01,0
220120,2023-10-01,0
220530,2023-10-01,7
220569,2023-10-01,29
220671,2023-10-01,3
220793,2023-10-01,28
220963,2023-10-01,4
221551,2023-10-01,0
221609,2023-10-01,0
221756,2023-10-01,2
222054,2023-10-01,1
222585,2023-10-01,5
222586,2023-10-01,0
222728,2023-10-01,0
223742,2023-10-01,0
223868,2023-10-01,1
224020,2023-10-01,0
224481,2023-10-01,14
224527,2023-10-01,5
224726,2023-10-01,0
224735,2023-10-01,0
224856,2023-10-01,0
224860,2023-10-01,321
224984,2023-10-01,5
225666,2023-10-01,7
225765,2023-10-01,1
225902,2023-10-01,1
226387,2023-10-01,1
226543,2023-10-01,0
226768,2023-10-01,1
226847,2023-10-01,7
227017,2023-10-01,12
227451,2023-10-01,2
227544,2023-10-01,0
227861,2023-10-01,0
229305,2023-10-01,6
229338,2023-10-01,9
229377,2023-10-01,0
229393,2023-10-01,26
229394,2023-10-01,107
229412,2023-10-01,2
229537,2023-10-01,0
229538,2023-10-01,1
229579,2023-10-01,0
230051,2023-10-01,16
230248,2023-10-01,2
230369,2023-10-01,0
230500,2023-10-01,532
231178,2023-10-01,1
231288,2023-10-01,1
232219,2023-10-01,1
232238,2023-10-01,2
232695,2023-10-01,40
232893,2023-10-01,0
233323,2023-10-01,0
233468,2023-10-01,0
233963,2023-10-01,0
234434,2023-10-01,0
234462,2023-10-01,14
234473,2023-10-01,3
234682,2023-10-01,1
234691,2023-10-01,0
234818,2023-10-01,0
234850,2023-10-01,1
235492,2023-10-01,4
235575,2023-10-01,37
235938,2023-10-01,20
235990,2023-10-01,0
236655,2023-10-01,59
237049,2023-10-01,13
237374,2023-10-01,0
237996,2023-10-01,3
238046,2023-10-01,1
239683,2023-10-01,228
239836,2023-10-01,131
239884,2023-10-01,10
240282,2023-10-01,0
240936,2023-10-01,108
241595,2023-10-01,0
242148,2023-10-01,0
242805,2023-10-01,0
243226,2023-10-01,0
243442,2023-10-01,4
243526,2023-10-01,0
243551,2023-10-01,186
243956,2023-10-01,0
244099,2023-10-01,3
244318,2023-10-01,0
244516,2023-10-01,0
245788,2023-10-01,7
246352,2023-10-01,1
246865,2023-10-01,0
246923,2023-10-01,3
247130,2023-10-01,0
247410,2023-10-01,0
247533,2023-10-01,185
247744,2023-10-01,22
247840,2023-10-01,1
248008,2023-10-01,0
248036,2023-10-01,3
248360,2023-10-01,0
248686,2023-10-01,2
248835,2023-10-01,5
248935,2023-10-01,1
249106,2023-10-01,1
249172,2023-10-01,33
249603,2023-10-01,2
249987,2023-10-01,0
250332,2023-10-01,8
250540,2023-10-01,0
250836,2023-10-01,2
250938,2023-10-01,159
250980,2023-10-01,11
251071,2023-10-01,4
251196,2023-10-01,0
251253,2023-10-01,9
251878,2023-10-01,0
251884,2023-10-01,0
252010,2023-10-01,0
252217,2023-10-01,2962
252410,2023-10-01,3
252593,2023-10-01,0
252643,2023-10-01,1
252651,2023-10-01,0
252744,2023-10-01,0
252810,2023-10-01,2
253622,2023-10-01,236
253775,2023-10-01,4
253781,2023-10-01,2
253797,2023-10-01,52
254068,2023-10-01,8
254846,2023-10-01,40
255401,2023-10-01,0
255457,2023-10-01,4
255790,2023-10-01,1
256037,2023-10-01,1
256222,2023-10-01,1
256666,2023-10-01,0
256745,2023-10-01,33
256913,2023-10-01,6
257005,2023-10-01,0
257067,2023-10-01,3
257695,2023-10-01,10
257809,2023-10-01,35
258454,2023-10-01,119
258622,2023-10-01,4
258730,2023-10-01,2
259378,2023-10-01,0
259695,2023-10-01,2
259784,2023-10-01,272
259856,2023-10-01,31
260060,2023-10-01,0
260586,2023-10-01,175
260677,2023-10-01,1
260791,2023-10-01,0
261023,2023-10-01,0
261086,2023-10-01,27
261558,2023-10-01,59
261685,2023-10-01,380
261822,2023-10-01,212
262000,2023-10-01,10
262128,2023-10-01,0
262542,2023-10-01,5
262608,2023-10-01,0
263278,2023-10-01,0
263605,2023-10-01,1
263837,2023-10-01,281
264041,2023-10-01,0
264085,2023-10-01,12
264342,2023-10-01,0
264435,2023-10-01,1
264536,2023-10-01,75
264877,2023-10-01,4
264916,2023-10-01,0
265587,2023-10-01,2
265711,2023-10-01,0
266320,2023-10-01,72
266623,2023-10-01,35
266923,2023-10-01,14
267028,2023-10-01,5
267406,2023-10-01,0
268253,2023-10-01,26
269125,2023-10-01,3
269546,2023-10-01,29
270143,2023-10-01,5
270224,2023-10-01,0
270398,2023-10-01,3
270598,2023-10-01,1
270656,2023-10-01,8
270961,2023-10-01,2
271247,2023-10-01,20
271327,2023-10-01,1
271336,2023-10-01,1
272055,2023-10-01,2
272139,2023-10-01,4
272873,2023-10-01,372
273245,2023-10-01,22
273322,2023-10-01,0
273981,2023-10-01,0
274255,2023-10-01,1
274466,2023-10-01,68
274772,2023-10-01,1
275012,2023-10-01,2
275078,2023-10-01,51
275097,2023-10-01,3
275297,2023-10-01,1
275794,2023-10-01,25
275842,2023-10-01,0
276185,2023-10-01,1
276771,2023-10-01,21
276863,2023-10-01,27
276882,2023-10-01,1
276913,2023-10-01,4
277434,2023-10-01,3
277552,2023-10-01,8
277658,2023-10-01,0
278619,2023-10-01,89
278701,2023-10-01,2
279048,2023-10-01,0
279473,2023-10-01,1
281095,2023-10-01,4
281436,2023-10-01,0
281458,2023-10-01,3
281516,2023-10-01,0
281680,2023-10-01,9
281882,2023-10-01,1
282359,2023-10-01,9
282901,2023-10-01,67
282904,2023-10-01,1
282943,2023-10-01,8
283700,2023-10-01,6
284052,2023-10-01,1
284087,2023-10-01,51
284099,2023-10-01,0
284494,2023-10-01,2
285051,2023-10-01,1
285193,2023-10-01,1
285498,2023-10-01,59
285506,2023-10-01,43
285541,2023-10-01,1
285699,2023-10-01,0
285766,2023-10-01,0
285910,2023-10-01,56
286184,2023-10-01,1
286298,2023-10-01,44
286357,2023-10-01,1
286793,2023-10-01,0
287160,2023-10-01,1
287764,2023-10-01,14
287892,2023-10-01,2
288062,2023-10-01,4
288070,2023-10-01,1
288104,2023-10-01,43
288730,2023-10-01,104
288789,2023-10-01,1
289040,2023-10-01,0
289107,2023-10-01,0
289128,2023-10-01,0
289630,2023-10-01,0
290241,2023-10-01,0
290400,2023-10-01,0
290731,2023-10-01,7
290894,2023-10-01,44
290912,2023-10-01,1
290970,2023-10-01,2
291166,2023-10-01,1
291564,2023-10-01,230
291784,2023-10-01,0
292055,2023-10-01,2
292371,2023-10-01,13
292422,2023-10-01,32
292574,2023-10-01,0
292941,2023-10-01,13
293375,2023-10-01,0
293510,2023-10-01,0
293658,2023-10-01,0
293727,2023-10-01,2
293972,2023-10-01,0
294287,2023-10-01,4
294538,2023-10-01,732
294877,2023-10-01,6
295518,2023-10-01,595
296256,2023-10-01,0
296341,2023-10-01,8
296893,2023-10-01,2
296920,2023-10-01,11
297110,2023-10-01,0
298088,2023-10-01,0
298349,2023-10-01,0
298509,2023-10-01,0
299056,2023-10-01,6318
299872,2023-10-01,0
299898,2023-10-01,4
300109,2023-10-01,0
300240,2023-10-01,126
300475,2023-10-01,2
300478,2023-10-01,2
300499,2023-10-01,2
300591,2023-10-01,0
300598,2023-10-01,0
300687,2023-10-01,2
300900,2023-10-01,0
301540,2023-10-01,0
301780,2023-10-01,97
302524,2023-10-01,0
302964,2023-10-01,63
303105,2023-10-01,1
303796,2023-10-01,2
303916,2023-10-01,26
304057,2023-10-01,12
304307,2023-10-01,0
304553,2023-10-01,1
304984,2023-10-01,14
305440,2023-10-01,6
305450,2023-10-01,9
305713,2023-10-01,0
305776,2023-10-01,0
306692,2023-10-01,6
306891,2023-10-01,7
307368,2023-10-01,0
307460,2023-10-01,6
307496,2023-10-01,6
307552,2023-10-01,1
307740,2023-10-01,0
308224,2023-10-01,5
308347,2023-10-01,0
308496,2023-10-01,1
308648,2023-10-01,0
308776,2023-10-01,3
309199,2023-10-01,0
309331,2023-10-01,3
309645,2023-10-01,149
310194,2023-10-01,0
310973,2023-10-01,1
312371,2023-10-01,0
312826,2023-10-01,34
312915,2023-10-01,1
313105,2023-10-01,1
313193,2023-10-01,0
313731,2023-10-01,4
313765,2023-10-01,0
313904,2023-10-01,1
314425,2023-10-01,0
314667,2023-10-01,1
315272,2023-10-01,23
315456,2023-10-01,0
315461,2023-10-01,24
316251,2023-10-01,0
316402,2023-10-01,8
316432,2023-10-01,156
316488,2023-10-01,0
316494,2023-10-01,1
316734,2023-10-01,1
316769,2023-10-01,1
316815,2023-10-01,0
316850,2023-10-01,1
317211,2023-10-01,11
317293,2023-10-01,2
317418,2023-10-01,0
317600,2023-10-01,8
317683,2023-10-01,1
317879,2023-10-01,11
318049,2023-10-01,6
318206,2023-10-01,0
318487,2023-10-01,1
318751,2023-10-01,74
319660,2023-10-01,6
320232,2023-10-01,4
320782,2023-10-01,3
320846,2023-10-01,0
321505,2023-10-01,0
321541,2023-10-01,3
321985,2023-10-01,0
322045,2023-10-01,2
322160,2023-10-01,1
322514,2023-10-01,0
322584,2023-10-01,0
322585,2023-10-01,0
322703,2023-10-01,1
322882,2023-10-01,322
323027,2023-10-01,127
323554,2023-10-01,0
324067,2023-10-01,0
324449,2023-10-01,11
325021,2023-10-01,3
325084,2023-10-01,0
325221,2023-10-01,1
325284,2023-10-01,1
325458,2023-10-01,1
325685,2023-10-01,0
325907,2023-10-01,13
326196,2023-10-01,0
326453,2023-10-01,6
326829,2023-10-01,1
327074,2023-10-01,36
327506,2023-10-01,0
327587,2023-10-01,1
327945,2023-10-01,0
328560,2023-10-01,0
329018,2023-10-01,1
329092,2023-10-01,0
329157,2023-10-01,0
329237,2023-10-01,8
329361,2023-10-01,105
329481,2023-10-01,9
329977,2023-10-01,0
331535,2023-10-01,2
331597,2023-10-01,1
331856,2023-10-01,0
332776,2023-10-01,0
332800,2023-10-01,0
333888,2023-10-01,1
334120,2023-10-01,1
334232,2023-10-01,23
334261,2023-10-01,185
334361,2023-10-01,0
334937,2023-10-01,0
334999,2023-10-01,1
336256,2023-10-01,0
336986,2023-10-01,1
336994,2023-10-01,54
338262,2023-10-01,125
339038,2023-10-01,15
339689,2023-10-01,1
339715,2023-10-01,0
339856,2023-10-01,0
340439,2023-10-01,252
341000,2023-10-01,3
341377,2023-10-01,111
342371,2023-10-01,2
342478,2023-10-01,2
342977,2023-10-01,0
343158,2023-10-01,6
343462,2023-10-01,4
344772,2023-10-01,5
345766,2023-10-01,17
346161,2023-10-01,0
346436,2023-10-01,218
347788,2023-10-01,5
349085,2023-10-01,575
349387,2023-10-01,2
349569,2023-10-01,1
349641,2023-10-01,2
350350,2023-10-01,2
350361,2023-10-01,1
350591,2023-10-01,1
350617,2023-10-01,1
350621,2023-10-01,8
351486,2023-10-01,0
351504,2023-10-01,72
351517,2023-10-01,6
351907,2023-10-01,0
351982,2023-10-01,0
352332,2023-10-01,0
352412,2023-10-01,5
352851,2023-10-01,0
352925,2023-10-01,0
353023,2023-10-01,2
353529,2023-10-01,0
353902,2023-10-01,48
353938,2023-10-01,150
354106,2023-10-01,45
354162,2023-10-01,4
354267,2023-10-01,4
354424,2023-10-01,0
354650,2023-10-01,2
354665,2023-10-01,2
354863,2023-10-01,0
354934,2023-10-01,18
355652,2023-10-01,0
355789,2023-10-01,1
355811,2023-10-01,5
355824,2023-10-01,0
356066,2023-10-01,0
356116,2023-10-01,153
356137,2023-10-01,0
356317,2023-10-01,111
356479,2023-10-01,1
356907,2023-10-01,149
357179,2023-10-01,0
357188,2023-10-01,13
357745,2023-10-01,17
358149,2023-10-01,0
358223,2023-10-01,1
358416,2023-10-01,16
358423,2023-10-01,0
358715,2023-10-01,6
359208,2023-10-01,1
359252,2023-10-01,0
359317,2023-10-01,192
359340,2023-10-01,0
360374,2023-10-01,1
360554,2023-10-01,62
360710,2023-10-01,9
361038,2023-10-01,1
361214,2023-10-01,0
361439,2023-10-01,6
362164,2023-10-01,18
362166,2023-10-01,1
363319,2023-10-01,70
363425,2023-10-01,3
363507,2023-10-01,8
363535,2023-10-01,0
363836,2023-10-01,113
364133,2023-10-01,1
364193,2023-10-01,0
364573,2023-10-01,0
364683,2023-10-01,1
365187,2023-10-01,4
365228,2023-10-01,1
365748,2023-10-01,1
366603,2023-10-01,2
366924,2023-10-01,0
367014,2023-10-01,152
367505,2023-10-01,0
367764,2023-10-01,1
368238,2023-10-01,1
368258,2023-10-01,0
368963,2023-10-01,3
369154,2023-10-01,54
369280,2023-10-01,0
369306,2023-10-01,1
370044,2023-10-01,0
370261,2023-10-01,0
370283,2023-10-01,1
370461,2023-10-01,0
371083,2023-10-01,1
371672,2023-10-01,0
372310,2023-10-01,31
372918,2023-10-01,1520
373095,2023-10-01,1
373143,2023-10-01,0
373757,2023-10-01,9
374357,2023-10-01,0
374437,2023-10-01,1
374505,2023-10-01,1
374566,2023-10-01,0
375034,2023-10-01,0
375124,2023-10-01,179
375243,2023-10-01,7
375621,2023-10-01,4
375707,2023-10-01,0
376007,2023-10-01,0
376120,2023-10-01,1
376282,2023-10-01,1
376620,2023-10-01,12
376719,2023-10-01,1
376851,2023-10-01,22
377323,2023-10-01,2
377621,2023-10-01,5
377735,2023-10-01,2
377755,2023-10-01,0
378093,2023-10-01,4
378120,2023-10-01,0
378371,2023-10-01,52
378550,2023-10-01,2
378614,2023-10-01,0
378717,2023-10-01,2
378753,2023-10-01,15
378796,2023-10-01,5
379352,2023-10-01,109
379521,2023-10-01,6
379682,2023-10-01,1
380943,2023-10-01,0
381236,2023-10-01,1
381473,2023-10-01,1
381529,2023-10-01,0
381880,2023-10-01,1
382175,2023-10-01,1
382188,2023-10-01,10
382507,2023-10-01,1
382872,2023-10-01,2
383045,2023-10-01,54
383231,2023-10-01,1
383448,2023-10-01,58
383741,2023-10-01,73
384203,2023-10-01,5
384380,2023-10-01,1
384726,2023-10-01,0
384756,2023-10-01,373
385920,2023-10-01,20
385923,2023-10-01,5
386562,2023-10-01,4
387262,2023-10-01,60
387495,2023-10-01,1
388359,2023-10-01,19
388644,2023-10-01,0
388947,2023-10-01,0
389697,2023-10-01,1
389834,2023-10-01,6
389835,2023-10-01,19
390188,2023-10-01,4
390513,2023-10-01,2
390730,2023-10-01,0
391449,2023-10-01,0
391513,2023-10-01,11
392186,2023-10-01,0
393428,2023-10-01,0
393769,2023-10-01,9
393946,2023-10-01,1
393983,2023-10-01,8
394459,2023-10-01,0
394574,2023-10-01,0
394703,2023-10-01,8
395628,2023-10-01,8
395703,2023-10-01,2
396216,2023-10-01,0
396872,2023-10-01,2
397040,2023-10-01,1
397187,2023-10-01,3
397669,2023-10-01,0
397745,2023-10-01,1
397751,2023-10-01,0
397764,2023-10-01,7
398055,2023-10-01,1
398085,2023-10-01,0
398571,2023-10-01,1
398870,2023-10-01,6
399376,2023-10-01,0
399551,2023-10-01,102
400350,2023-10-01,0
400708,2023-10-01,1
400885,2023-10-01,8
401548,2023-10-01,3
401851,2023-10-01,0
402220,2023-10-01,0
402388,2023-10-01,0
402680,2023-10-01,0
402713,2023-10-01,1
402977,2023-10-01,2
402978,2023-10-01,3
403033,2023-10-01,0
403437,2023-10-01,14
403441,2023-10-01,6
403707,2023-10-01,95
404176,2023-10-01,1
404461,2023-10-01,3
404513,2023-10-01,0
404528,2023-10-01,13
404707,2023-10-01,0
405070,2023-10-01,67
405114,2023-10-01,0
405428,2023-10-01,2
405547,2023-10-01,422
406299,2023-10-01,1
406512,2023-10-01,18
407408,2023-10-01,1
407563,2023-10-01,410
407669,2023-10-01,10
407760,2023-10-01,2
407888,2023-10-01,15
408809,2023-10-01,0
409112,2023-10-01,74
409300,2023-10-01,6
409745,2023-10-01,13
409814,2023-10-01,0
410109,2023-10-01,119
410205,2023-10-01,308
410334,2023-10-01,39
410567,2023-10-01,564
410603,2023-10-01,173
411537,2023-10-01,7
411553,2023-10-01,0
411937,2023-10-01,0
412041,2023-10-01,0
412042,2023-10-01,1
412278,2023-10-01,0
412396,2023-10-01,2
412454,2023-10-01,5
412665,2023-10-01,0
412964,2023-10-01,2
413010,2023-10-01,4
413012,2023-10-01,2
413053,2023-10-01,0
413389,2023-10-01,0
413484,2023-10-01,1
413487,2023-10-01,0
413497,2023-10-01,2
414377,2023-10-01,1
414386,2023-10-01,0
414437,2023-10-01,19
414468,2023-10-01,13
414740,2023-10-01,0
415151,2023-10-01,0
415430,2023-10-01,0
415973,2023-10-01,2
416085,2023-10-01,24
416178,2023-10-01,0
416191,2023-10-01,0
416198,2023-10-01,3
416280,2023-10-01,6
416822,2023-10-01,28
416995,2023-10-01,1
417046,2023-10-01,0
417277,2023-10-01,0
417387,2023-10-01,178
417551,2023-10-01,86
417983,2023-10-01,2
418270,2023-10-01,0
418838,2023-10-01,0
418961,2023-10-01,21
419142,2023-10-01,3
419256,2023-10-01,1
419615,2023-10-01,0
421395,2023-10-01,4
421634,2023-10-01,7
421695,2023-10-01,1
421703,2023-10-01,3
421736,2023-10-01,49
421916,2023-10-01,39
422007,2023-10-01,0
422138,2023-10-01,29
423682,2023-10-01,18
424266,2023-10-01,0
424342,2023-10-01,24
424409,2023-10-01,1
424639,2023-10-01,255
424687,2023-10-01,1
424848,2023-10-01,22
424903,2023-10-01,0
424961,2023-10-01,6
425214,2023-10-01,0
425534,2023-10-01,18
425614,2023-10-01,6
425682,2023-10-01,0
426170,2023-10-01,0
426659,2023-10-01,0
426806,2023-10-01,0
427090,2023-10-01,51
427370,2023-10-01,0
427384,2023-10-01,0
427617,2023-10-01,0
428172,2023-10-01,1
428442,2023-10-01,715
428680,2023-10-01,0
428777,2023-10-01,4
428843,2023-10-01,83
428927,2023-10-01,1
428929,2023-10-01,202
429635,2023-10-01,1
430284,2023-10-01,0
430637,2023-10-01,9
430853,2023-10-01,0
430886,2023-10-01,1
431381,2023-10-01,12
431715,2023-10-01,2
431894,2023-10-01,0
432451,2023-10-01,8
432468,2023-10-01,5
432783,2023-10-01,0
432874,2023-10-01,138
433007,2023-10-01,8
433801,2023-10-01,2
433822,2023-10-01,1
434173,2023-10-01,0
434258,2023-10-01,0
435095,2023-10-01,0
435252,2023-10-01,9
435385,2023-10-01,0
435670,2023-10-01,11
435674,2023-10-01,280
436010,2023-10-01,6
436054,2023-10-01,115
436193,2023-10-01,4
436299,2023-10-01,138
436645,2023-10-01,198
436797,2023-10-01,7
437242,2023-10-01,8
437290,2023-10-01,1
437544,2023-10-01,2
437775,2023-10-01,0
437858,2023-10-01,0
438086,2023-10-01,0
439299,2023-10-01,45
439457,2023-10-01,25
439481,2023-10-01,1
440634,2023-10-01,4
440819,2023-10-01,0
440916,2023-10-01,0
441056,2023-10-01,2
441157,2023-10-01,2
441313,2023-10-01,2
441468,2023-10-01,3
442230,2023-10-01,2675
442256,2023-10-01,2
442461,2023-10-01,20
442882,2023-10-01,0
443374,2023-10-01,0
444715,2023-10-01,58
444783,2023-10-01,0
445290,2023-10-01,0
445353,2023-10-01,5
445676,2023-10-01,3
445679,2023-10-01,0
445689,2023-10-01,0
445710,2023-10-01,0
445786,2023-10-01,0
446324,2023-10-01,12
446470,2023-10-01,2
446648,2023-10-01,0
446765,2023-10-01,0
446839,2023-10-01,7
446876,2023-10-01,0
447517,2023-10-01,36
447727,2023-10-01,0
447922,2023-10-01,13
448163,2023-10-01,1
448234,2023-10-01,0
448478,2023-10-01,76
448853,2023-10-01,0
449850,2023-10-01,0
450141,2023-10-01,893
450268,2023-10-01,3
450321,2023-10-01,8
450907,2023-10-01,62
450952,2023-10-01,4
450962,2023-10-01,0
451389,2023-10-01,12
451554,2023-10-01,0
451671,2023-10-01,3
451897,2023-10-01,3
452109,2023-10-01,7
452327,2023-10-01,6
452508,2023-10-01,48
453567,2023-10-01,1
453892,2023-10-01,1
454267,2023-10-01,0
454889,2023-10-01,23
455223,2023-10-01,0
455411,2023-10-01,0
456277,2023-10-01,9
456662,2023-10-01,0
457425,2023-10-01,2
457501,2023-10-01,0
457601,2023-10-01,1
458069,2023-10-01,0
458343,2023-10-01,0
458369,2023-10-01,24
458646,2023-10-01,1
458816,2023-10-01,32
458831,2023-10-01,8
458882,2023-10-01,0
459180,2023-10-01,0
459606,2023-10-01,2
459846,2023-10-01,0
460456,2023-10-01,4
461044,2023-10-01,1
461185,2023-10-01,0
461705,2023-10-01,9
461757,2023-10-01,0
462009,2023-10-01,5
462041,2023-10-01,0
462545,2023-10-01,5
463025,2023-10-01,5
463620,2023-10-01,231
463686,2023-10-01,0
464104,2023-10-01,0
464305,2023-10-01,41
464313,2023-10-01,57
464848,2023-10-01,1
465191,2023-10-01,249
465276,2023-10-01,0
465347,2023-10-01,0
465802,2023-10-01,1
466061,2023-10-01,38
466247,2023-10-01,1
466688,2023-10-01,0
466792,2023-10-01,1
467296,2023-10-01,208
467411,2023-10-01,0
467845,2023-10-01,7
468001,2023-10-01,2
468021,2023-10-01,6
468182,2023-10-01,2
468529,2023-10-01,93
469006,2023-10-01,97
469836,2023-10-01,1
469839,2023-10-01,26
469991,2023-10-01,172
470054,2023-10-01,0
470078,2023-10-01,3
470139,2023-10-01,233
470174,2023-10-01,0
470180,2023-10-01,0
470236,2023-10-01,1
470322,2023-10-01,1
471672,2023-10-01,42
471859,2023-10-01,0
472179,2023-10-01,57
472437,2023-10-01,6
472668,2023-10-01,161
473067,2023-10-01,0
473337,2023-10-01,0
473590,2023-10-01,2
473809,2023-10-01,1
473941,2023-10-01,1
474225,2023-10-01,0
474551,2023-10-01,0
474983,2023-10-01,0
475016,2023-10-01,1
475100,2023-10-01,17
475114,2023-10-01,0
475560,2023-10-01,16
475834,2023-10-01,1
475987,2023-10-01,5
476028,2023-10-01,2
477738,2023-10-01,9
477817,2023-10-01,16
477833,2023-10-01,4
478013,2023-10-01,64
478199,2023-10-01,5
478308,2023-10-01,65
478325,2023-10-01,1
478398,2023-10-01,5
478401,2023-10-01,0
478580,2023-10-01,0
479352,2023-10-01,21
479417,2023-10-01,0
479468,2023-10-01,0
479798,2023-10-01,11
480290,2023-10-01,103
480488,2023-10-01,1
480607,2023-10-01,0
481198,2023-10-01,0
481621,2023-10-01,12
481639,2023-10-01,0
482699,2023-10-01,2
482800,2023-10-01,0
483196,2023-10-01,2
483655,2023-10-01,1
484114,2023-10-01,10
484302,2023-10-01,0
486156,2023-10-01,0
486187,2023-10-01,0
486545,2023-10-01,3
487060,2023-10-01,702
487232,2023-10-01,2
487582,2023-10-01,0
487896,2023-10-01,12
488244,2023-10-01,44
488299,2023-10-01,495
488413,2023-10-01,11
488509,2023-10-01,1
488680,2023-10-01,1
488901,2023-10-01,0
489188,2023-10-01,6
489252,2023-10-01,2
489370,2023-10-01,75
489502,2023-10-01,410
489843,2023-10-01,53
490523,2023-10-01,0
490967,2023-10-01,0
490995,2023-10-01,0
491247,2023-10-01,6
491553,2023-10-01,44
491864,2023-10-01,2
491895,2023-10-01,0
491928,2023-10-01,0
491944,2023-10-01,0
492407,2023-10-01,45
492473,2023-10-01,42
492550,2023-10-01,2
492709,2023-10-01,106
492802,2023-10-01,0
493149,2023-10-01,0
493236,2023-10-01,21
493246,2023-10-01,202
493653,2023-10-01,3
494539,2023-10-01,0
494561,2023-10-01,0
494888,2023-10-01,3
495097,2023-10-01,0
495397,2023-10-01,7
495924,2023-10-01,1
495940,2023-10-01,18
495987,2023-10-01,1
496593,2023-10-01,0
496921,2023-10-01,0
497115,2023-10-01,4
497274,2023-10-01,183
497280,2023-10-01,0
497478,2023-10-01,11
497804,2023-10-01,0
498246,2023-10-01,0
498676,2023-10-01,0
498876,2023-10-01,0
498994,2023-10-01,31
499508,2023-10-01,1
499799,2023-10-01,275
499870,2023-10-01,95
500145,2023-10-01,0
500202,2023-10-01,0
500658,2023-10-01,657
501066,2023-10-01,0
501215,2023-10-01,1
501966,2023-10-01,0
502080,2023-10-01,83
502634,2023-10-01,0
502762,2023-10-01,3
503071,2023-10-01,0
503365,2023-10-01,6579
503528,2023-10-01,0
503805,2023-10-01,0
503994,2023-10-01,3
504051,2023-10-01,3
504426,2023-10-01,0
504753,2023-10-01,1
505319,2023-10-01,0
505703,2023-10-01,2
505992,2023-10-01,29
506997,2023-10-01,88
507130,2023-10-01,0
507277,2023-10-01,0
507398,2023-10-01,0
507851,2023-10-01,0
507895,2023-10-01,124
508521,2023-10-01,2
508648,2023-10-01,1
508836,2023-10-01,0
508856,2023-10-01,0
510008,2023-10-01,14
510284,2023-10-01,2
510450,2023-10-01,263
510554,2023-10-01,1
510810,2023-10-01,72
512389,2023-10-01,0
512882,2023-10-01,0
513170,2023-10-01,0
513690,2023-10-01,9
513840,2023-10-01,0
513877,2023-10-01,9
514225,2023-10-01,0
515728,2023-10-01,93
516097,2023-10-01,0
516146,2023-10-01,1
516248,2023-10-01,60
516460,2023-10-01,0
516478,2023-10-01,14
516875,2023-10-01,88
517215,2023-10-01,1
519187,2023-10-01,95
519209,2023-10-01,3
519439,2023-10-01,1
519462,2023-10-01,4
519795,2023-10-01,2
519963,2023-10-01,4
520397,2023-10-01,0
520407,2023-10-01,47
520731,2023-10-01,2
520861,2023-10-01,10
521066,2023-10-01,1
521515,2023-10-01,0
522228,2023-10-01,57
522499,2023-10-01,15
522788,2023-10-01,1
522894,2023-10-01,0
523070,2023-10-01,2
523421,2023-10-01,5
523747,2023-10-01,0
523914,2023-10-01,11
524293,2023-10-01,1
524485,2023-10-01,0
524860,2023-10-01,6
524954,2023-10-01,90
525001,2023-10-01,13
525507,2023-10-01,0
526309,2023-10-01,2
526436,2023-10-01,0
526483,2023-10-01,15
527350,2023-10-01,33
527663,2023-10-01,0
527723,2023-10-01,29
527931,2023-10-01,0
528020,2023-10-01,0
528266,2023-10-01,9
528408,2023-10-01,165
528505,2023-10-01,62
528765,2023-10-01,4
529716,2023-10-01,0
529787,2023-10-01,0
529876,2023-10-01,0
530316,2023-10-01,2
530477,2023-10-01,1
530652,2023-10-01,18
530697,2023-10-01,0
531150,2023-10-01,0
531280,2023-10-01,0
532040,2023-10-01,0
532085,2023-10-01,0
532548,2023-10-01,0
532600,2023-10-01,53
532710,2023-10-01,58
533069,2023-10-01,0
533077,2023-10-01,87
533416,2023-10-01,1
533592,2023-10-01,0
533607,2023-10-01,0
533883,2023-10-01,0
533982,2023-10-01,0
534348,2023-10-01,4
534613,2023-10-01,2
534670,2023-10-01,3
534738,2023-10-01,6
534906,2023-10-01,0
535406,2023-10-01,101
535531,2023-10-01,0
535817,2023-10-01,0
536123,2023-10-01,1
536201,2023-10-01,0
536493,2023-10-01,4
536603,2023-10-01,6
536636,2023-10-01,0
537177,2023-10-01,201
537318,2023-10-01,0
537730,2023-10-01,0
537928,2023-10-01,2
538555,2023-10-01,3
539181,2023-10-01,0
539460,2023-10-01,0
540248,2023-10-01,0
540446,2023-10-01,23
541418,2023-10-01,4
541970,2023-10-01,1
542182,2023-10-01,0
542258,2023-10-01,1
542337,2023-10-01,0
542762,2023-10-01,8
543228,2023-10-01,143
544191,2023-10-01,0
544196,2023-10-01,8
545581,2023-10-01,0
545922,2023-10-01,0
546288,2023-10-01,69
546549,2023-10-01,0
546624,2023-10-01,1
546721,2023-10-01,0
546868,2023-10-01,3
547349,2023-10-01,12
547840,2023-10-01,4
547985,2023-10-01,0
548027,2023-10-01,1
548069,2023-10-01,20
548417,2023-10-01,41
548449,2023-10-01,0
548672,2023-10-01,37
549517,2023-10-01,0
549541,2023-10-01,1
549898,2023-10-01,11
550345,2023-10-01,107
550405,2023-10-01,206
550413,2023-10-01,9
550783,2023-10-01,0
551105,2023-10-01,0
552124,2023-10-01,3
552156,2023-10-01,78
552696,2023-10-01,0
553759,2023-10-01,0
553952,2023-10-01,71
554653,2023-10-01,2
554971,2023-10-01,1
555296,2023-10-01,197
555576,2023-10-01,119
555970,2023-10-01,0
556182,2023-10-01,30
556478,2023-10-01,4
556684,2023-10-01,0
557651,2023-10-01,0
558570,2023-10-01,0
558622,2023-10-01,0
558694,2023-10-01,5
558965,2023-10-01,144
559385,2023-10-01,17
560407,2023-10-01,2813
560416,2023-10-01,0
560468,2023-10-01,0
560508,2023-10-01,0
560996,2023-10-01,30
561043,2023-10-01,0
561418,2023-10-01,2
561712,2023-10-01,1
561742,2023-10-01,1
562258,2023-10-01,0
562623,2023-10-01,0
562889,2023-10-01,0
563128,2023-10-01,2
563453,2023-10-01,1
563536,2023-10-01,0
563624,2023-10-01,2
563763,2023-10-01,86
563783,2023-10-01,0
564144,2023-10-01,1
564157,2023-10-01,5
564453,2023-10-01,12
564906,2023-10-01,0
565197,2023-10-01,8
565904,2023-10-01,0
566378,2023-10-01,0
566922,2023-10-01,0
567028,2023-10-01,83
567572,2023-10-01,0
567839,2023-10-01,5
568052,2023-10-01,0
568064,2023-10-01,0
568561,2023-10-01,4
569129,2023-10-01,105
569705,2023-10-01,1
569725,2023-10-01,0
569898,2023-10-01,0
570143,2023-10-01,0
570206,2023-10-01,0
570385,2023-10-01,2
570480,2023-10-01,4
570623,2023-10-01,124
570778,2023-10-01,0
570804,2023-10-01,0
571711,2023-10-01,70
572569,2023-10-01,0
572737,2023-10-01,0
573183,2023-10-01,1
573512,2023-10-01,2
573789,2023-10-01,0
573844,2023-10-01,0
573963,2023-10-01,0
573978,2023-10-01,1
574010,2023-10-01,0
575067,2023-10-01,0
575179,2023-10-01,3
575354,2023-10-01,108
576930,2023-10-01,120
577224,2023-10-01,0
577566,2023-10-01,0
577867,2023-10-01,9
578004,2023-10-01,0
578101,2023-10-01,4
578509,2023-10-01,3
578735,2023-10-01,0
578981,2023-10-01,1
579113,2023-10-01,2
579763,2023-10-01,4
580317,2023-10-01,7
580796,2023-10-01,1
580885,2023-10-01,2
580955,2023-10-01,250
580965,2023-10-01,63
581751,2023-10-01,0
582016,2023-10-01,2
582090,2023-10-01,0
582310,2023-10-01,1
582458,2023-10-01,1
582480,2023-10-01,45
582817,2023-10-01,0
582968,2023-10-01,0
582969,2023-10-01,0
583097,2023-10-01,0
583493,2023-10-01,0
583761,2023-10-01,0
584020,2023-10-01,15
584200,2023-10-01,3
585628,2023-10-01,16
585877,2023-10-01,2
586165,2023-10-01,0
586339,2023-10-01,2
586642,2023-10-01,0
586814,2023-10-01,660
586825,2023-10-01,0
587295,2023-10-01,0
587298,2023-10-01,0
587531,2023-10-01,0
587966,2023-10-01,0
588085,2023-10-01,0
588246,2023-10-01,13
588289,2023-10-01,1
588439,2023-10-01,0
588745,2023-10-01,1
589441,2023-10-01,6
589498,2023-10-01,1
589880,2023-10-01,0
590261,2023-10-01,0
590403,2023-10-01,0
590562,2023-10-01,10
590637,2023-10-01,0
590902,2023-10-01,1
591317,2023-10-01,2
591431,2023-10-01,21
591841,2023-10-01,0
592321,2023-10-01,22
592600,2023-10-01,0
593077,2023-10-01,0
593286,2023-10-01,78
593535,2023-10-01,31
593705,2023-10-01,0
593979,2023-10-01,0
594371,2023-10-01,17
594520,2023-10-01,11
595121,2023-10-01,0
595336,2023-10-01,97
595936,2023-10-01,8
596286,2023-10-01,1
596440,2023-10-01,664
596479,2023-10-01,2
596791,2023-10-01,0
597401,2023-10-01,2
597570,2023-10-01,48
597628,2023-10-01,1
597904,2023-10-01,12
598004,2023-10-01,37
598025,2023-10-01,0
598261,2023-10-01,18
598425,2023-10-01,0
598680,2023-10-01,57
598910,2023-10-01,113
599079,2023-10-01,1
599845,2023-10-01,0
599960,2023-10-01,7
600551,2023-10-01,0
600646,2023-10-01,4
600737,2023-10-01,1
600895,2023-10-01,246
601022,2023-10-01,0
601674,2023-10-01,0
602331,2023-10-01,0
602596,2023-10-01,67
602706,2023-10-01,0
603872,2023-10-01,0
603999,2023-10-01,1
604049,2023-10-01,39
604427,2023-10-01,0
605020,2023-10-01,31
605726,2023-10-01,0
606042,2023-10-01,0
606070,2023-10-01,5
606298,2023-10-01,178
606409,2023-10-01,0
607140,2023-10-01,0
607203,2023-10-01,0
607460,2023-10-01,2
608086,2023-10-01,2
608554,2023-10-01,0
608654,2023-10-01,0
608850,2023-10-01,1
609008,2023-10-01,9
609120,2023-10-01,0
609568,2023-10-01,0
609864,2023-10-01,0
609933,2023-10-01,0
610041,2023-10-01,3
610184,2023-10-01,0
610257,2023-10-01,0
610422,2023-10-01,0
610587,2023-10-01,0
611002,2023-10-01,0
611011,2023-10-01,1
611281,2023-10-01,0
611928,2023-10-01,0
612016,2023-10-01,1
612415,2023-10-01,7
612674,2023-10-01,1
612858,2023-10-01,0
613509,2023-10-01,0
614233,2023-10-01,0
614413,2023-10-01,52
614946,2023-10-01,24
615053,2023-10-01,0
615094,2023-10-01,2
615228,2023-10-01,1
615365,2023-10-01,8
615526,2023-10-01,133
615934,2023-10-01,3
616123,2023-10-01,3
616137,2023-10-01,0
616471,2023-10-01,14
616539,2023-10-01,1
616684,2023-10-01,0
616777,2023-10-01,0
617756,2023-10-01,99
617982,2023-10-01,1
618000,2023-10-01,71
618270,2023-10-01,0
618700,2023-10-01,0
619095,2023-10-01,12
619134,2023-10-01,14
619346,2023-10-01,5
619441,2023-10-01,154
619689,2023-10-01,270
619900,2023-10-01,0
619942,2023-10-01,0
620082,2023-10-01,0
620628,2023-10-01,0
621819,2023-10-01,0
622163,2023-10-01,0
622176,2023-10-01,2
623060,2023-10-01,0
623329,2023-10-01,0
624210,2023-10-01,1
624214,2023-10-01,76
624237,2023-10-01,266
624458,2023-10-01,43
624713,2023-10-01,0
624747,2023-10-01,0
624823,2023-10-01,0
625089,2023-10-01,22
625454,2023-10-01,2
625872,2023-10-01,11
625873,2023-10-01,0
626064,2023-10-01,0
626145,2023-10-01,10
626198,2023-10-01,3
626533,2023-10-01,2
626791,2023-10-01,0
626846,2023-10-01,4
626885,2023-10-01,34
627086,2023-10-01,0
627248,2023-10-01,0
627612,2023-10-01,1
627681,2023-10-01,5
627779,2023-10-01,1
627851,2023-10-01,11
627979,2023-10-01,1
628971,2023-10-01,28
629166,2023-10-01,0
629664,2023-10-01,5
629806,2023-10-01,0
629921,2023-10-01,407
629997,2023-10-01,0
630420,2023-10-01,0
630920,2023-10-01,0
631276,2023-10-01,1
631459,2023-10-01,1
632557,2023-10-01,29
632732,2023-10-01,0
633031,2023-10-01,693
633180,2023-10-01,0
633456,2023-10-01,49
633766,2023-10-01,0
633928,2023-10-01,55
635025,2023-10-01,0
635150,2023-10-01,266
635576,2023-10-01,0
636493,2023-10-01,1
636672,2023-10-01,0
636904,2023-10-01,661
637250,2023-10-01,3
637401,2023-10-01,2
637459,2023-10-01,30
637958,2023-10-01,8
638149,2023-10-01,0
638754,2023-10-01,73
638952,2023-10-01,24
639153,2023-10-01,0
639187,2023-10-01,44
639440,2023-10-01,2
639759,2023-10-01,5
640480,2023-10-01,92
640606,2023-10-01,0
641117,2023-10-01,0
641613,2023-10-01,47
642018,2023-10-01,1
642207,2023-10-01,13
642311,2023-10-01,19
642326,2023-10-01,150
642467,2023-10-01,62
642528,2023-10-01,0
642787,2023-10-01,4
642848,2023-10-01,0
643483,2023-10-01,1
643739,2023-10-01,0
644617,2023-10-01,3
644720,2023-10-01,0
644735,2023-10-01,0
644757,2023-10-01,2
645014,2023-10-01,3
645383,2023-10-01,2
646411,2023-10-01,1240
646437,2023-10-01,2
646442,2023-10-01,26
646494,2023-10-01,51
647016,2023-10-01,16
647440,2023-10-01,0
647888,2023-10-01,1
648056,2023-10-01,3
648177,2023-10-01,0
648328,2023-10-01,2
649461,2023-10-01,3
649787,2023-10-01,0
649941,2023-10-01,0
650015,2023-10-01,125
650046,2023-10-01,6
650251,2023-10-01,9
650258,2023-10-01,0
650445,2023-10-01,0
650608,2023-10-01,0
650851,2023-10-01,6
650866,2023-10-01,25
651049,2023-10-01,24
651211,2023-10-01,1
651302,2023-10-01,0
651428,2023-10-01,1
651678,2023-10-01,40
652024,2023-10-01,84
652058,2023-10-01,0
652133,2023-10-01,0
652315,2023-10-01,0
652796,2023-10-01,0
652879,2023-10-01,4
652947,2023-10-01,28
653021,2023-10-01,192
653272,2023-10-01,7
653584,2023-10-01,0
653885,2023-10-01,0
654070,2023-10-01,1
654325,2023-10-01,0
654571,2023-10-01,0
654886,2023-10-01,3
655012,2023-10-01,1
655455,2023-10-01,2
655637,2023-10-01,1
655670,2023-10-01,0
655927,2023-10-01,1
656178,2023-10-01,215
656251,2023-10-01,0
656728,2023-10-01,0
656842,2023-10-01,1
656902,2023-10-01,0
657299,2023-10-01,0
657393,2023-10-01,581
657779,2023-10-01,367
657895,2023-10-01,1
658156,2023-10-01,0
658616,2023-10-01,1944
658634,2023-10-01,0
658738,2023-10-01,3
659320,2023-10-01,1
659861,2023-10-01,36
660093,2023-10-01,1
660179,2023-10-01,0
660354,2023-10-01,14
660368,2023-10-01,0
660684,2023-10-01,50
660866,2023-10-01,66
660893,2023-10-01,0
661014,2023-10-01,29
661039,2023-10-01,0
661485,2023-10-01,0
662285,2023-10-01,1
662396,2023-10-01,4
663115,2023-10-01,1
663218,2023-10-01,46
663559,2023-10-01,54
663690,2023-10-01,2199
663810,2023-10-01,115
664081,2023-10-01,0
664578,2023-10-01,0
664896,2023-10-01,17
665110,2023-10-01,5
665341,2023-10-01,261
665381,2023-10-01,1
665452,2023-10-01,4
665712,2023-10-01,0
665764,2023-10-01,3
665810,2023-10-01,1
665966,2023-10-01,1
666132,2023-10-01,0
666390,2023-10-01,0
666479,2023-10-01,10
666748,2023-10-01,0
666934,2023-10-01,0
667062,2023-10-01,0
667078,2023-10-01,1
667913,2023-10-01,0
668345,2023-10-01,0
668399,2023-10-01,75
668449,2023-10-01,0
668586,2023-10-01,0
668658,2023-10-01,0
668673,2023-10-01,2
669029,2023-10-01,0
669033,2023-10-01,4
669156,2023-10-01,0
669629,2023-10-01,2
669641,2023-10-01,87
669796,2023-10-01,0
670358,2023-10-01,0
670393,2023-10-01,0
670581,2023-10-01,1
670801,2023-10-01,0
670888,2023-10-01,0
670929,2023-10-01,2
670969,2023-10-01,0
672292,2023-10-01,1
672746,2023-10-01,6
673244,2023-10-01,1
673251,2023-10-01,0
673854,2023-10-01,193
674217,2023-10-01,49
674275,2023-10-01,55
674450,2023-10-01,0
674734,2023-10-01,0
674974,2023-10-01,3
675251,2023-10-01,750
675480,2023-10-01,284
675546,2023-10-01,114
675638,2023-10-01,198
675739,2023-10-01,2
675885,2023-10-01,1
676060,2023-10-01,0
676429,2023-10-01,52
676651,2023-10-01,1
676732,2023-10-01,1
676826,2023-10-01,15
676934,2023-10-01,10
676940,2023-10-01,0
677058,2023-10-01,126
677450,2023-10-01,114
677952,2023-10-01,4
677957,2023-10-01,0
678027,2023-10-01,0
678123,2023-10-01,0
678393,2023-10-01,0
678499,2023-10-01,16
679551,2023-10-01,29
679657,2023-10-01,104
679987,2023-10-01,0
679992,2023-10-01,189
680503,2023-10-01,76
680554,2023-10-01,0
680650,2023-10-01,0
680899,2023-10-01,0
681222,2023-10-01,103
681435,2023-10-01,1
681959,2023-10-01,27
681969,2023-10-01,142
681983,2023-10-01,1
682643,2023-10-01,5
683124,2023-10-01,24
684023,2023-10-01,0
685310,2023-10-01,1
685339,2023-10-01,4
685576,2023-10-01,205
685613,2023-10-01,0
685703,2023-10-01,0
686221,2023-10-01,1
686770,2023-10-01,0
686954,2023-10-01,0
687056,2023-10-01,0
687288,2023-10-01,57
687389,2023-10-01,1
687526,2023-10-01,1
687856,2023-10-01,24
688641,2023-10-01,0
690288,2023-10-01,197
690395,2023-10-01,46
691044,2023-10-01,0
691946,2023-10-01,0
692411,2023-10-01,0
692645,2023-10-01,0
692742,2023-10-01,0
692850,2023-10-01,22
693170,2023-10-01,0
693433,2023-10-01,0
693552,2023-10-01,6
694430,2023-10-01,1
694577,2023-10-01,2
696696,2023-10-01,1
696897,2023-10-01,0
696920,2023-10-01,0
697321,2023-10-01,3
697378,2023-10-01,0
697854,2023-10-01,1
698768,2023-10-01,80
699115,2023-10-01,2
699257,2023-10-01,1
699450,2023-10-01,4
699472,2023-10-01,0
699950,2023-10-01,51
700545,2023-10-01,3
700808,2023-10-01,4
700938,2023-10-01,0
701649,2023-10-01,2
701776,2023-10-01,4
702013,2023-10-01,0
702078,2023-10-01,0
703246,2023-10-01,4
703367,2023-10-01,0
703721,2023-10-01,0
704184,2023-10-01,0
704276,2023-10-01,46
705378,2023-10-01,11
706419,2023-10-01,1
706634,2023-10-01,14
706986,2023-10-01,8
707009,2023-10-01,1
707370,2023-10-01,1746
707832,2023-10-01,0
708075,2023-10-01,0
708572,2023-10-01,11
709340,2023-10-01,9
709634,2023-10-01,15
709662,2023-10-01,155
709720,2023-10-01,13
709863,2023-10-01,9
710697,2023-10-01,0
710714,2023-10-01,4
711281,2023-10-01,15
711377,2023-10-01,5
711584,2023-10-01,1
711731,2023-10-01,8
712123,2023-10-01,76
712352,2023-10-01,48
712451,2023-10-01,5
712566,2023-10-01,1
712729,2023-10-01,1
713299,2023-10-01,0
713425,2023-10-01,115
713451,2023-10-01,1
713707,2023-10-01,6
714165,2023-10-01,2
714374,2023-10-01,23
714843,2023-10-01,0
714928,2023-10-01,1
714978,2023-10-01,1
715430,2023-10-01,3
715536,2023-10-01,0
715745,2023-10-01,3
715837,2023-10-01,5
716182,2023-10-01,2
717052,2023-10-01,0
717360,2023-10-01,3
717420,2023-10-01,3
717815,2023-10-01,11
717854,2023-10-01,7
718829,2023-10-01,0
718968,2023-10-01,0
719043,2023-10-01,1
719202,2023-10-01,8
719408,2023-10-01,0
719593,2023-10-01,0
719633,2023-10-01,5
719687,2023-10-01,3
719851,2023-10-01,0
720224,2023-10-01,0
720233,2023-10-01,189
720585,2023-10-01,54
720874,2023-10-01,4
721030,2023-10-01,0
722088,2023-10-01,27
722356,2023-10-01,0
722642,2023-10-01,1
723019,2023-10-01,11
723277,2023-10-01,591
723483,2023-10-01,2
723939,2023-10-01,0
723940,2023-10-01,1
725812,2023-10-01,0
726306,2023-10-01,0
726336,2023-10-01,23
726351,2023-10-01,0
726393,2023-10-01,46
726533,2023-10-01,4
726686,2023-10-01,1
726773,2023-10-01,3
726791,2023-10-01,118
726900,2023-10-01,17
727084,2023-10-01,0
727562,2023-10-01,7
727811,2023-10-01,1
727864,2023-10-01,1
728145,2023-10-01,0
728897,2023-10-01,1
729174,2023-10-01,0
729199,2023-10-01,64
729274,2023-10-01,2
729485,2023-10-01,5
729576,2023-10-01,0
729605,2023-10-01,687
729666,2023-10-01,12
730329,2023-10-01,2
730349,2023-10-01,1
730907,2023-10-01,3
731204,2023-10-01,0
731883,2023-10-01,0
731993,2023-10-01,5
732485,2023-10-01,2
733122,2023-10-01,0
733675,2023-10-01,0
733691,2023-10-01,0
734280,2023-10-01,0
734608,2023-10-01,0
734644,2023-10-01,1
734700,2023-10-01,1
735172,2023-10-01,108
735352,2023-10-01,0
736253,2023-10-01,12
736265,2023-10-01,5
736294,2023-10-01,2
736375,2023-10-01,2
736750,2023-10-01,0
736914,2023-10-01,0
737712,2023-10-01,1
738489,2023-10-01,8
738496,2023-10-01,1
739546,2023-10-01,0
739553,2023-10-01,1
739609,2023-10-01,91
739639,2023-10-01,1
739704,2023-10-01,130
739899,2023-10-01,0
740025,2023-10-01,0
740026,2023-10-01,0
740297,2023-10-01,2
740543,2023-10-01,2
740578,2023-10-01,0
741010,2023-10-01,7
741359,2023-10-01,5
741395,2023-10-01,0
741458,2023-10-01,48
741648,2023-10-01,0
741683,2023-10-01,0
741724,2023-10-01,0
741798,2023-10-01,2
742279,2023-10-01,0
742511,2023-10-01,94
742525,2023-10-01,2
742665,2023-10-01,0
742746,2023-10-01,0
742768,2023-10-01,13
743124,2023-10-01,34
743309,2023-10-01,2
743332,2023-10-01,0
743386,2023-10-01,2
743396,2023-10-01,14
743551,2023-10-01,0
744319,2023-10-01,2
745065,2023-10-01,94
745835,2023-10-01,147
745943,2023-10-01,1
746757,2023-10-01,7
746893,2023-10-01,2
746963,2023-10-01,9
747160,2023-10-01,131
747300,2023-10-01,150
747484,2023-10-01,2
747858,2023-10-01,1
747919,2023-10-01,0
748061,2023-10-01,5
748091,2023-10-01,0
748907,2023-10-01,0
748913,2023-10-01,0
749060,2023-10-01,1
749193,2023-10-01,1
749787,2023-10-01,9
750489,2023-10-01,11
751137,2023-10-01,8
751520,2023-10-01,0
751645,2023-10-01,1
751698,2023-10-01,0
751995,2023-10-01,14
753200,2023-10-01,110
753932,2023-10-01,235
754623,2023-10-01,52
754869,2023-10-01,8
755256,2023-10-01,1
755400,2023-10-01,1
755446,2023-10-01,0
756169,2023-10-01,10
756362,2023-10-01,13
757772,2023-10-01,7
757939,2023-10-01,0
758013,2023-10-01,6
758262,2023-10-01,0
758484,2023-10-01,71
758653,2023-10-01,21
758718,2023-10-01,51
758936,2023-10-01,7
759115,2023-10-01,0
759219,2023-10-01,0
759401,2023-10-01,103
759566,2023-10-01,27
759654,2023-10-01,0
759801,2023-10-01,0
760582,2023-10-01,0
760988,2023-10-01,4
761110,2023-10-01,2
761828,2023-10-01,0
761872,2023-10-01,0
762136,2023-10-01,53
762309,2023-10-01,13
762360,2023-10-01,4
762837,2023-10-01,1
763152,2023-10-01,0
764236,2023-10-01,3
764776,2023-10-01,5
765550,2023-10-01,431
765574,2023-10-01,53
765624,2023-10-01,58
766255,2023-10-01,3
766369,2023-10-01,7
766845,2023-10-01,0
767225,2023-10-01,0
767888,2023-10-01,0
768214,2023-10-01,0
768649,2023-10-01,2
768810,2023-10-01,37
769656,2023-10-01,0
769797,2023-10-01,3
770094,2023-10-01,0
770857,2023-10-01,2
771005,2023-10-01,1
771046,2023-10-01,2
771427,2023-10-01,1
771499,2023-10-01,1
771625,2023-10-01,0
771745,2023-10-01,1
771878,2023-10-01,1
772060,2023-10-01,1
772204,2023-10-01,3
772355,2023-10-01,7
772644,2023-10-01,51
773013,2023-10-01,16
773509,2023-10-01,0
773599,2023-10-01,0
773778,2023-10-01,0
773808,2023-10-01,3
774034,2023-10-01,0
774534,2023-10-01,2
774710,2023-10-01,0
774827,2023-10-01,0
776528,2023-10-01,0
776623,2023-10-01,0
776864,2023-10-01,0
777125,2023-10-01,1
777510,2023-10-01,7
777511,2023-10-01,0
777596,2023-10-01,18
778100,2023-10-01,1
778278,2023-10-01,44
778290,2023-10-01,4
778906,2023-10-01,0
779416,2023-10-01,1
779438,2023-10-01,100
779738,2023-10-01,0
779918,2023-10-01,97
780440,2023-10-01,1
780543,2023-10-01,1
780607,2023-10-01,1
780805,2023-10-01,1
781038,2023-10-01,1
782034,2023-10-01,11
782076,2023-10-01,2
782183,2023-10-01,130
782808,2023-10-01,4
783227,2023-10-01,2
783503,2023-10-01,2
784795,2023-10-01,0
785292,2023-10-01,0
785515,2023-10-01,0
785671,2023-10-01,91
785732,2023-10-01,129
786201,2023-10-01,21
786517,2023-10-01,0
786553,2023-10-01,2
786721,2023-10-01,7
786821,2023-10-01,0
787683,2023-10-01,0
788080,2023-10-01,0
788837,2023-10-01,0
788902,2023-10-01,0
789645,2023-10-01,3
789912,2023-10-01,154
789959,2023-10-01,187
790039,2023-10-01,240
790444,2023-10-01,50
790659,2023-10-01,2
791667,2023-10-01,5
795092,2023-10-01,53
795481,2023-10-01,33
795821,2023-10-01,1
796190,2023-10-01,2
796252,2023-10-01,45
796568,2023-10-01,0
797096,2023-10-01,6
797702,2023-10-01,4
797851,2023-10-01,0
798017,2023-10-01,99
798266,2023-10-01,1
798309,2023-10-01,33
799671,2023-10-01,1
800454,2023-10-01,20
801387,2023-10-01,6
801625,2023-10-01,4
801736,2023-10-01,30
801989,2023-10-01,1
802843,2023-10-01,0
802920,2023-10-01,299
803428,2023-10-01,0
803829,2023-10-01,26
803872,2023-10-01,1
804252,2023-10-01,0
804434,2023-10-01,0
805245,2023-10-01,12
805558,2023-10-01,5
805576,2023-10-01,122
806686,2023-10-01,1
807239,2023-10-01,0
808181,2023-10-01,0
808724,2023-10-01,0
808813,2023-10-01,2
809246,2023-10-01,3
809532,2023-10-01,0
809664,2023-10-01,22
810445,2023-10-01,2145
810550,2023-10-01,0
810774,2023-10-01,14
810897,2023-10-01,0
811187,2023-10-01,0
811214,2023-10-01,1
811216,2023-10-01,5
811861,2023-10-01,0
811904,2023-10-01,1
812324,2023-10-01,0
812387,2023-10-01,2
812584,2023-10-01,0
813245,2023-10-01,5
813836,2023-10-01,0
814063,2023-10-01,12
814474,2023-10-01,0
814797,2023-10-01,0
814873,2023-10-01,0
815232,2023-10-01,1
815332,2023-10-01,5
815539,2023-10-01,1
815980,2023-10-01,0
815988,2023-10-01,15
816129,2023-10-01,3
816187,2023-10-01,5
816614,2023-10-01,1
816931,2023-10-01,0
817193,2023-10-01,0
817525,2023-10-01,2
817601,2023-10-01,1
817888,2023-10-01,0
817915,2023-10-01,4
817949,2023-10-01,13
818002,2023-10-01,0
818183,2023-10-01,2
818393,2023-10-01,7
818527,2023-10-01,430
818582,2023-10-01,74
818674,2023-10-01,115
818759,2023-10-01,0
818970,2023-10-01,3
819369,2023-10-01,2
819918,2023-10-01,2
820139,2023-10-01,1
820366,2023-10-01,25
821200,2023-10-01,5
821471,2023-10-01,29
821559,2023-10-01,31
821866,2023-10-01,1
822610,2023-10-01,0
822784,2023-10-01,22
823262,2023-10-01,1
823476,2023-10-01,12
823485,2023-10-01,16
823955,2023-10-01,6
824101,2023-10-01,4
824182,2023-10-01,340
824267,2023-10-01,0
824340,2023-10-01,70
825210,2023-10-01,130
825802,2023-10-01,0
825884,2023-10-01,0
826116,2023-10-01,0
826398,2023-10-01,1
826484,2023-10-01,0
826499,2023-10-01,10
826593,2023-10-01,0
826612,2023-10-01,1
826877,2023-10-01,2
826965,2023-10-01,0
827279,2023-10-01,0
827652,2023-10-01,0
827828,2023-10-01,1
828453,2023-10-01,0
828501,2023-10-01,0
828539,2023-10-01,6
828684,2023-10-01,5
829738,2023-10-01,0
830567,2023-10-01,13
830858,2023-10-01,146
831673,2023-10-01,1
832181,2023-10-01,0
832653,2023-10-01,2
832926,2023-10-01,0
833352,2023-10-01,0
833844,2023-10-01,0
834101,2023-10-01,1
834917,2023-10-01,8
835057,2023-10-01,1
835141,2023-10-01,0
835547,2023-10-01,14
836130,2023-10-01,1
836172,2023-10-01,3
837204,2023-10-01,1
837476,2023-10-01,0
837881,2023-10-01,0
838235,2023-10-01,0
838339,2023-10-01,45
838571,2023-10-01,106
838661,2023-10-01,1
839365,2023-10-01,2
839533,2023-10-01,2
839610,2023-10-01,21
840297,2023-10-01,0
841123,2023-10-01,0
841136,2023-10-01,0
841153,2023-10-01,0
841635,2023-10-01,1
841814,2023-10-01,1
841849,2023-10-01,9
841878,2023-10-01,9
842962,2023-10-01,1
843136,2023-10-01,1
843269,2023-10-01,2
843396,2023-10-01,0
844007,2023-10-01,0
844086,2023-10-01,2
844593,2023-10-01,0
845613,2023-10-01,4
845762,2023-10-01,0
845850,2023-10-01,0
846021,2023-10-01,0
846514,2023-10-01,1
846769,2023-10-01,1
846978,2023-10-01,0
847266,2023-10-01,1
847707,2023-10-01,0
847816,2023-10-01,0
848109,2023-10-01,8
848525,2023-10-01,0
848932,2023-10-01,6
849022,2023-10-01,10
849201,2023-10-01,5
849546,2023-10-01,3
850381,2023-10-01,2
850714,2023-10-01,0
850730,2023-10-01,2
851234,2023-10-01,1
851431,2023-10-01,3
851481,2023-10-01,0
851562,2023-10-01,5
851984,2023-10-01,8
852029,2023-10-01,2
852406,2023-10-01,7
853113,2023-10-01,0
853642,2023-10-01,10
853680,2023-10-01,2
854070,2023-10-01,8
854583,2023-10-01,2
854587,2023-10-01,0
855317,2023-10-01,5
855523,2023-10-01,29
855978,2023-10-01,1
856007,2023-10-01,6
856048,2023-10-01,3
856116,2023-10-01,1
856314,2023-10-01,12
856570,2023-10-01,0
857068,2023-10-01,2
857757,2023-10-01,0
858130,2023-10-01,0
858276,2023-10-01,1
858640,2023-10-01,0
858907,2023-10-01,221
858968,2023-10-01,0
859829,2023-10-01,0
859844,2023-10-01,0
859883,2023-10-01,21
860676,2023-10-01,5
861767,2023-10-01,0
861809,2023-10-01,2
862051,2023-10-01,2
862062,2023-10-01,0
862086,2023-10-01,0
862280,2023-10-01,0
862444,2023-10-01,6
862685,2023-10-01,101
863049,2023-10-01,2
863274,2023-10-01,0
863338,2023-10-01,0
863565,2023-10-01,29
864025,2023-10-01,2
864068,2023-10-01,0
864121,2023-10-01,5
864410,2023-10-01,0
864543,2023-10-01,0
864589,2023-10-01,1
864784,2023-10-01,4
864934,2023-10-01,1
864991,2023-10-01,0
865465,2023-10-01,290
865567,2023-10-01,23
866340,2023-10-01,0
866523,2023-10-01,5
866706,2023-10-01,1
867056,2023-10-01,12
868197,2023-10-01,0
868269,2023-10-01,2
868739,2023-10-01,0
869171,2023-10-01,19
869425,2023-10-01,92
869643,2023-10-01,0
869701,2023-10-01,0
870195,2023-10-01,1
870201,2023-10-01,756
870580,2023-10-01,5
871374,2023-10-01,2
871581,2023-10-01,0
871749,2023-10-01,5
871817,2023-10-01,0
871956,2023-10-01,2
872205,2023-10-01,0
872231,2023-10-01,2
872645,2023-10-01,2
872655,2023-10-01,0
872835,2023-10-01,0
872961,2023-10-01,1
873732,2023-10-01,0
875167,2023-10-01,99
875243,2023-10-01,0
875414,2023-10-01,7
876159,2023-10-01,85
876630,2023-10-01,2
876916,2023-10-01,1
877077,2023-10-01,1
877105,2023-10-01,0
877117,2023-10-01,1
877524,2023-10-01,89
878519,2023-10-01,6
878635,2023-10-01,1
878979,2023-10-01,0
879339,2023-10-01,16
879871,2023-10-01,0
879927,2023-10-01,42
880774,2023-10-01,0
881086,2023-10-01,2
881301,2023-10-01,0
881307,2023-10-01,0
881481,2023-10-01,1
881680,2023-10-01,1
881805,2023-10-01,0
882326,2023-10-01,1
882385,2023-10-01,0
882402,2023-10-01,0
882561,2023-10-01,0
882692,2023-10-01,16
882978,2023-10-01,380
883091,2023-10-01,54
883092,2023-10-01,0
883150,2023-10-01,125
883279,2023-10-01,1
884518,2023-10-01,1
884679,2023-10-01,1
884702,2023-10-01,3
884888,2023-10-01,5
884977,2023-10-01,0
885282,2023-10-01,0
885563,2023-10-01,11
886014,2023-10-01,61
886397,2023-10-01,387
886457,2023-10-01,15
886467,2023-10-01,0
886658,2023-10-01,1
886918,2023-10-01,0
886939,2023-10-01,9
887744,2023-10-01,0
887778,2023-10-01,2
888281,2023-10-01,0
888698,2023-10-01,5
888861,2023-10-01,0
889115,2023-10-01,2
889234,2023-10-01,6
889612,2023-10-01,48
889683,2023-10-01,4
889892,2023-10-01,1
889995,2023-10-01,1
890039,2023-10-01,12
890133,2023-10-01,44
890320,2023-10-01,0
890717,2023-10-01,88
890768,2023-10-01,0
890828,2023-10-01,2
891045,2023-10-01,53
891646,2023-10-01,1
891881,2023-10-01,5
892206,2023-10-01,0
892539,2023-10-01,0
892568,2023-10-01,0
892623,2023-10-01,0
893203,2023-10-01,2
893373,2023-10-01,2
893463,2023-10-01,4
894227,2023-10-01,0
894293,2023-10-01,0
894546,2023-10-01,1
894567,2023-10-01,87
895706,2023-10-01,0
895784,2023-10-01,2
895854,2023-10-01,0
896656,2023-10-01,0
896674,2023-10-01,64
897989,2023-10-01,0
898440,2023-10-01,0
899001,2023-10-01,1
899164,2023-10-01,0
900112,2023-10-01,2
900598,2023-10-01,1
900642,2023-10-01,573
901414,2023-10-01,3
901433,2023-10-01,593
901444,2023-10-01,0
901474,2023-10-01,0
902180,2023-10-01,115
902578,2023-10-01,15
902714,2023-10-01,0
903080,2023-10-01,1
903088,2023-10-01,3
903541,2023-10-01,5
903781,2023-10-01,6
904125,2023-10-01,0
904135,2023-10-01,41
904155,2023-10-01,1
904285,2023-10-01,0
904295,2023-10-01,0
904707,2023-10-01,21
904844,2023-10-01,7
905650,2023-10-01,1
905779,2023-10-01,3
905926,2023-10-01,15
906086,2023-10-01,0
906371,2023-10-01,22
906375,2023-10-01,34
906564,2023-10-01,1
906715,2023-10-01,1
906878,2023-10-01,13
907158,2023-10-01,1
907240,2023-10-01,0
907623,2023-10-01,1
907979,2023-10-01,0
908767,2023-10-01,0
908778,2023-10-01,2
909061,2023-10-01,46
909344,2023-10-01,1
909558,2023-10-01,5
909731,2023-10-01,0
910467,2023-10-01,0
911597,2023-10-01,0
911621,2023-10-01,1
911856,2023-10-01,0
911862,2023-10-01,1
913173,2023-10-01,1
913192,2023-10-01,5
913199,2023-10-01,1
913224,2023-10-01,3
913450,2023-10-01,0
913552,2023-10-01,0
913642,2023-10-01,9
914679,2023-10-01,0
914719,2023-10-01,0
914845,2023-10-01,15
914897,2023-10-01,0
915242,2023-10-01,1
915895,2023-10-01,8
916149,2023-10-01,0
916244,2023-10-01,2
916951,2023-10-01,0
916978,2023-10-01,14
917023,2023-10-01,1
917091,2023-10-01,10
917207,2023-10-01,0
917429,2023-10-01,3
917610,2023-10-01,0
917881,2023-10-01,1
917960,2023-10-01,0
918131,2023-10-01,42
918158,2023-10-01,0
918196,2023-10-01,114
918364,2023-10-01,1
918462,2023-10-01,2
918594,2023-10-01,21
918628,2023-10-01,0
918709,2023-10-01,258
918982,2023-10-01,5
919237,2023-10-01,2
919739,2023-10-01,0
920350,2023-10-01,159
920537,2023-10-01,7
920553,2023-10-01,0
920865,2023-10-01,2
920944,2023-10-01,3
921389,2023-10-01,29
921487,2023-10-01,0
922214,2023-10-01,0
922223,2023-10-01,1
922231,2023-10-01,150
922414,2023-10-01,0
922455,2023-10-01,0
923074,2023-10-01,0
923822,2023-10-01,31
924010,2023-10-01,0
924100,2023-10-01,0
924633,2023-10-01,5
924814,2023-10-01,33
926122,2023-10-01,0
926136,2023-10-01,1
926257,2023-10-01,41
926796,2023-10-01,253
927332,2023-10-01,9
927578,2023-10-01,6
927807,2023-10-01,0
927996,2023-10-01,6
928038,2023-10-01,0
928169,2023-10-01,2
928252,2023-10-01,14
928586,2023-10-01,0
928919,2023-10-01,28
929255,2023-10-01,385
929637,2023-10-01,1
930457,2023-10-01,14
930751,2023-10-01,7
930966,2023-10-01,1
931081,2023-10-01,0
931369,2023-10-01,157
931426,2023-10-01,2
932063,2023-10-01,18
932973,2023-10-01,2
933164,2023-10-01,91
933409,2023-10-01,7
933448,2023-10-01,0
933840,2023-10-01,186
934514,2023-10-01,106
934870,2023-10-01,0
935230,2023-10-01,55
935572,2023-10-01,16
935866,2023-10-01,0
936159,2023-10-01,0
936236,2023-10-01,25
936323,2023-10-01,0
936571,2023-10-01,0
936721,2023-10-01,7
936991,2023-10-01,1
936996,2023-10-01,2
937032,2023-10-01,57
937296,2023-10-01,1
937462,2023-10-01,1
937540,2023-10-01,0
937798,2023-10-01,0
937990,2023-10-01,41
938308,2023-10-01,3
938319,2023-10-01,5
938478,2023-10-01,12
938628,2023-10-01,20
939053,2023-10-01,34
940011,2023-10-01,0
940655,2023-10-01,0
941112,2023-10-01,3
941429,2023-10-01,4
941480,2023-10-01,2
941591,2023-10-01,0
941624,2023-10-01,0
941682,2023-10-01,0
942044,2023-10-01,0
942554,2023-10-01,0
942590,2023-10-01,5
942996,2023-10-01,6
944315,2023-10-01,0
944460,2023-10-01,2
944478,2023-10-01,0
944633,2023-10-01,0
944639,2023-10-01,19
946543,2023-10-01,18
947225,2023-10-01,342
947489,2023-10-01,0
947665,2023-10-01,1
947876,2023-10-01,16
948110,2023-10-01,2
948143,2023-10-01,0
949426,2023-10-01,7
949485,2023-10-01,0
950637,2023-10-01,123
950654,2023-10-01,58
950740,2023-10-01,0
950745,2023-10-01,0
950908,2023-10-01,0
951193,2023-10-01,7
951395,2023-10-01,15
951624,2023-10-01,0
951790,2023-10-01,64
951884,2023-10-01,3
951956,2023-10-01,29
951985,2023-10-01,15
951995,2023-10-01,0
952723,2023-10-01,11
953308,2023-10-01,33
954135,2023-10-01,0
954190,2023-10-01,1
954197,2023-10-01,1
954207,2023-10-01,16
954481,2023-10-01,1
954725,2023-10-01,372
954808,2023-10-01,0
955428,2023-10-01,0
955460,2023-10-01,0
955461,2023-10-01,39
955729,2023-10-01,0
955834,2023-10-01,83
956130,2023-10-01,3
956179,2023-10-01,1
956585,2023-10-01,1
957012,2023-10-01,1
957058,2023-10-01,407
957073,2023-10-01,0
957461,2023-10-01,0
957675,2023-10-01,0
958670,2023-10-01,0
959217,2023-10-01,0
959293,2023-10-01,0
959390,2023-10-01,1
959712,2023-10-01,0
960051,2023-10-01,1
960095,2023-10-01,676
961761,2023-10-01,239
962063,2023-10-01,1
962373,2023-10-01,0
962968,2023-10-01,20
963065,2023-10-01,1
963614,2023-10-01,18
963816,2023-10-01,0
965589,2023-10-01,2
966540,2023-10-01,0
966753,2023-10-01,0
966945,2023-10-01,1887
967181,2023-10-01,2
967353,2023-10-01,0
967502,2023-10-01,11
968021,2023-10-01,1
968501,2023-10-01,116
968502,2023-10-01,0
968703,2023-10-01,0
968751,2023-10-01,0
968928,2023-10-01,0
969073,2023-10-01,12
969173,2023-10-01,1
969247,2023-10-01,1
969279,2023-10-01,0
969476,2023-10-01,75
969999,2023-10-01,0
970110,2023-10-01,0
970278,2023-10-01,33
970754,2023-10-01,1
970852,2023-10-01,0
970960,2023-10-01,3
971000,2023-10-01,0
971055,2023-10-01,1
971060,2023-10-01,5
971067,2023-10-01,1
971266,2023-10-01,16
971721,2023-10-01,193
971725,2023-10-01,13
971752,2023-10-01,1
971854,2023-10-01,0
971960,2023-10-01,0
972157,2023-10-01,1
972440,2023-10-01,11
972496,2023-10-01,1
973169,2023-10-01,2
973284,2023-10-01,0
973414,2023-10-01,58
973912,2023-10-01,0
974030,2023-10-01,13
974091,2023-10-01,27
974149,2023-10-01,6
974174,2023-10-01,0
974926,2023-10-01,0
975157,2023-10-01,79
975194,2023-10-01,0
975741,2023-10-01,14
975815,2023-10-01,2
976056,2023-10-01,17
976119,2023-10-01,87
976349,2023-10-01,1
976397,2023-10-01,12
976708,2023-10-01,0
976780,2023-10-01,0
977034,2023-10-01,0
977054,2023-10-01,8
977722,2023-10-01,5
977821,2023-10-01,0
978073,2023-10-01,1
978153,2023-10-01,93
978446,2023-10-01,0
978463,2023-10-01,1
979198,2023-10-01,3
979458,2023-10-01,363
979685,2023-10-01,0
979988,2023-10-01,121
980204,2023-10-01,19
980410,2023-10-01,18
980597,2023-10-01,5
981080,2023-10-01,42
981089,2023-10-01,1
982716,2023-10-01,1689
982801,2023-10-01,34
982868,2023-10-01,2
983247,2023-10-01,2
983421,2023-10-01,3
983459,2023-10-01,0
983618,2023-10-01,1
984178,2023-10-01,0
984945,2023-10-01,1
985321,2023-10-01,0
985710,2023-10-01,0
985837,2023-10-01,3
985855,2023-10-01,0
986510,2023-10-01,4
986677,2023-10-01,0
986698,2023-10-01,1
986791,2023-10-01,12
987439,2023-10-01,31
987628,2023-10-01,4
988230,2023-10-01,1
988237,2023-10-01,0
988450,2023-10-01,1
988583,2023-10-01,276
988898,2023-10-01,48
988917,2023-10-01,0
988963,2023-10-01,63
989004,2023-10-01,7
989260,2023-10-01,0
989446,2023-10-01,34
990593,2023-10-01,2
990604,2023-10-01,0
990651,2023-10-01,0
991225,2023-10-01,30
991788,2023-10-01,12
991863,2023-10-01,0
993790,2023-10-01,8
994255,2023-10-01,0
994308,2023-10-01,15
994695,2023-10-01,194
994812,2023-10-01,0
995375,2023-10-01,10
995464,2023-10-01,1
995621,2023-10-01,0
996079,2023-10-01,2
996297,2023-10-01,2
996439,2023-10-01,0
996994,2023-10-01,82
997536,2023-10-01,0
997545,2023-10-01,14
997708,2023-10-01,1
997744,2023-10-01,2
997854,2023-10-01,4
998093,2023-10-01,5
999672,2023-10-01,0
999832,2023-10-01,0
