material_id,material_lead_time,moving_price,unrestricted,safety_stock
100345,17.0,117.27,2.0,2.0
100463,25.0,1461.95,16.0,8.0
101692,10.0,75.0,17.0,5.0
101998,18.0,56.1,43.0,30.0
102675,5.0,234272.2,0.0,2.0
103469,18.0,5625.0,2.0,1.0
103582,59.0,9587.0,5.0,2.0
103768,31.0,100.0,18.0,5.0
103841,50.0,424.26,5.0,5.0
104185,10.0,16157.33,1.0,1.0
104192,28.0,400.0,5.0,1.0
104417,10.0,117.0,92.0,30.0
104423,28.0,1242.89,158.0,50.0
104647,25.0,5390.11,38.0,24.0
105773,33.0,30.0,151.0,200.0
105795,50.0,9104.07,11.0,6.0
106195,43.0,710.67,9.0,400.0
106322,18.0,312.52,10.0,2.0
106348,10.0,8.2,6938.0,200.0
106903,31.0,699.0,2.0,3.0
106952,33.0,1545.45,2.0,2.0
107039,10.0,0.23,3660.0,2000.0
107166,13.0,123.46,12.0,2.0
107262,17.0,3484.02,6.0,2.0
107757,18.0,150.0,19.0,30.0
108564,21.0,240.0,30.0,15.0
108621,31.0,8592.67,21.0,5.0
109080,10.0,3.8,1368.0,400.0
109088,28.0,887.2,3.0,2.0
109303,31.0,2043.44,61.0,5.0
110122,18.0,403.0,7.0,3.0
110412,10.0,4.11,1732.0,100.0
110427,22.0,866.34,3.0,20.0
110453,17.0,129.25,96.0,50.0
110526,50.0,4913.56,6.0,7.0
110662,10.0,152.68,97.0,10.0
110927,31.0,1109.84,4.0,1.0
111728,21.0,1350.0,10.0,4.0
112273,52.0,959.76,0.0,30.0
112434,33.0,12812.8,5.0,5.0
112955,33.0,202.33,32.0,10.0
113980,21.0,1703.88,4.0,1.0
114187,21.0,470.0,6.0,2.0
114306,10.0,45.25,197.0,45.0
114346,24.0,159928.86,7.0,3.0
115312,14.0,63.0,0.0,100.0
116035,31.0,21033.91,21.0,1.0
116283,63.0,2549.98,1.0,5.0
116327,1.0,6231.27,1.0,8.0
116776,10.0,1409.41,12.0,10.0
116841,13.0,58.3,513.0,50.0
116892,18.0,170.77,222.0,50.0
117164,10.0,192.23,218.0,24.0
117510,18.0,416.11,7.0,5.0
117563,80.0,107781.07,4.0,4.0
118054,33.0,657.77,16.0,10.0
118176,67.0,118.15,190.0,50.0
118301,31.0,310.0,6.0,30.0
118546,31.0,334.97,200.0,100.0
118611,50.0,15671.3,9.0,5.0
118916,10.0,4.0,879.0,50.0
119792,28.0,5266.49,6.0,2.0
119848,77.0,2360.03,1.0,4.0
120117,55.0,319.28,25.0,100.0
120139,67.0,8.41,2288.0,20.0
120517,50.0,760.24,32.0,10.0
120737,13.0,509.93,58.0,30.0
120932,10.0,35.0,26.0,10.0
122327,33.0,195.0,0.0,2.0
122987,38.0,13667.12,5.0,3.0
123358,28.0,5268.8,6.0,2.0
123429,18.0,19.77,23.0,20.0
123619,17.0,594.0,0.0,10.0
124002,33.0,900.02,5.0,1.0
124679,17.0,300.03,127.0,10.0
125248,50.0,2815.41,0.0,3.0
125392,1.0,4562.32,13.0,2.0
125587,18.0,1458.75,8.0,10.0
125818,50.0,51831.6,5.0,10.0
126178,45.0,65631.41,1.0,1.0
126579,33.0,11.5,290.0,200.0
127604,28.0,657.22,27.0,10.0
128164,8.0,15677.89,0.0,15.0
128579,38.0,18282.0,0.0,5.0
128707,31.0,33300.0,1.0,1.0
128806,48.0,3719.21,1.0,6.0
129039,63.0,2340.56,3.0,2.0
129210,31.0,17404.55,4.0,1.0
129358,50.0,4691.4,3.0,2.0
129918,13.0,175.08,12.0,2.0
129969,59.0,68436.0,4.0,1.0
130176,10.0,500.0,5.0,2.0
131046,93.0,83.25,294.0,400.0
131063,17.0,210.0,6.0,1.0
131070,45.0,25282.56,15.0,15.0
131134,24.0,40.0,40.0,10.0
131345,18.0,790.87,21.0,10.0
131403,50.0,59.12,2.0,2.0
131712,90.0,788.85,8.0,4.0
132618,10.0,38.53,401.0,45.0
132630,30.0,22583.5,5.0,2.0
132872,38.0,2822.58,12.0,20.0
132894,21.0,33.61,580.0,150.0
134066,33.0,823.95,11.0,60.0
134516,10.0,273.5,15.0,3.0
134563,26.0,27480.06,1.0,4.0
134719,38.0,10.1,78.0,12.0
134977,33.0,1737.54,70.0,2.0
135690,24.0,4628.97,2.0,3.0
135988,24.0,3116.0,8.0,5.0
136872,45.0,25642.98,1.0,1.0
137547,10.0,346.04,44.0,10.0
138718,31.0,280.0,620.0,250.0
139437,24.0,120.0,48.5,100.0
140198,10.0,7.66,45.0,10.0
141626,22.0,553.94,56.0,10.0
142067,24.0,2392.44,6.0,4.0
142235,17.0,846.82,7.0,2.0
142425,31.0,4326.0,4.0,3.0
143175,38.0,27312.0,5.0,3.0
143866,10.0,40.0,23.0,5.0
145215,28.0,62499.61,3.0,4.0
145520,70.0,9561.07,12.0,5.0
145600,31.0,1489.66,137.0,300.0
146043,23.0,7.49,301.0,200.0
146829,67.0,120.01,48.0,60.0
147370,38.0,781.0,32.0,5.0
148347,24.0,9461.75,44.85,15.0
148407,70.0,738.74,125.0,100.0
148743,43.0,605.0,56.0,40.0
148819,33.0,111.79,149.0,10.0
148867,67.0,10505.23,3.0,2.0
149147,10.0,33.37,54.0,10.0
150083,33.0,450.95,0.0,2.0
150658,24.0,1287.5,3.0,2.0
151427,10.0,738.23,3.0,50.0
151824,33.0,282.04,6.0,2.0
152656,50.0,1905.24,12.0,2.0
153061,17.0,750.0,14.0,40.0
153592,48.0,3082.0,17.23,5.0
153846,21.0,2577.04,2.0,1.0
154111,87.0,145.66,47.0,50.0
154262,28.0,2839.8,2.0,1.0
154283,24.0,10407.79,6.0,2.0
154356,28.0,11541.38,6.0,4.0
154719,50.0,5445.0,4.0,5.0
154724,18.0,195.76,16.0,6.0
154833,33.0,1312.47,0.0,50.0
154865,10.0,58.03,27.0,10.0
154964,10.0,8.43,56.0,50.0
155065,33.0,509.97,15.0,10.0
155098,67.0,27.28,50.0,100.0
156043,78.0,4299.0,392.0,250.0
156790,7.0,324.84,34.0,10.0
156834,45.0,4570.47,26.0,25.0
157182,33.0,43.55,26.0,4.0
157799,10.0,389.53,7.0,2.0
158049,31.0,1375.15,25.0,4.0
158272,1.0,5772.31,0.0,1.0
158860,10.0,1400.0,2.0,1.0
159023,31.0,15309.86,12.0,4.0
159300,50.0,18130.91,2.0,2.0
159781,33.0,25275.0,4.0,2.0
160061,38.0,725.82,332.0,300.0
160171,18.0,1089.23,23.0,10.0
160523,33.0,185.0,10.0,1.0
160576,31.0,4945.0,4.0,1.0
160630,38.0,7191.79,2.0,3.0
160782,10.0,212.22,41.0,24.0
161102,67.0,3828.78,8.0,8.0
161732,93.0,89.0,24.0,5.0
162088,10.0,35.97,5.0,2.0
162206,13.0,2.2,0.0,1000.0
162496,65.0,8013.55,5.0,5.0
162716,45.0,19169.49,25.0,20.0
162873,45.0,1695.07,0.0,15.0
163049,63.0,420.39,7.0,2.0
163364,17.0,21.78,185.0,100.0
163833,18.0,61.0,195.0,50.0
164353,31.0,1230.3,14.0,1.0
164562,35.0,1323.01,6.0,3.0
164968,38.0,670.97,3.0,2.0
165086,28.0,23932.91,5.0,3.0
165439,67.0,57.46,280.0,100.0
166131,21.0,293.97,24.0,4.0
166132,90.0,126916.66,0.0,2.0
166351,33.0,139.96,14.0,5.0
166642,33.0,119.08,9.0,4.0
166652,38.0,165.69,164.0,5.0
167062,31.0,124.77,70.0,10.0
167609,33.0,122.32,90.0,30.0
168158,10.0,9.06,2.0,20.0
168496,35.0,285.0,36.0,12.0
169061,33.0,170.0,22.0,15.0
169383,18.0,1936.75,6.0,1.0
170172,10.0,136.21,44.0,10.0
170304,18.0,550.96,35.0,4.0
170525,50.0,2932.47,2.0,2.0
171725,25.0,3210.5,23.95,20.0
172051,1.0,6076.39,9.0,15.0
172393,10.0,1719.9,0.0,10.0
173750,50.0,1960.81,8.0,7.0
173891,33.0,340.23,2.0,2.0
174200,10.0,16.8,104.0,5.0
175131,18.0,805.4,5.0,1.0
176206,18.0,1920.0,1.0,1.0
176941,93.0,296.66,11.0,6.0
177869,50.0,151.08,306.0,300.0
178071,50.0,23510.89,1.0,1.0
178078,33.0,412.02,6.0,1.0
178106,28.0,1844.9,4.0,4.0
179042,31.0,162.63,8.0,5.0
179051,24.0,1248.81,10.0,5.0
179132,38.0,44369.55,0.0,5.0
179184,21.0,1274.84,7.0,4.0
179831,67.0,47.5,1812.0,200.0
180114,38.0,13.07,35.0,8.0
180304,31.0,2350.0,10.0,10.0
180715,14.0,1128.52,0.0,5.0
180901,18.0,194.25,0.0,700.0
181086,33.0,1958.83,6.0,100.0
181089,31.0,102.0,61.0,50.0
181357,77.0,19244.86,2.0,1.0
181987,45.0,83632.38,1.0,1.0
182301,10.0,360.0,5.0,1.0
182635,45.0,84.86,340.0,200.0
182657,7.0,6526.66,0.0,1.0
182982,43.0,7589.03,19.0,6.0
183003,21.0,656.8,4.0,2.0
183135,17.0,11.0,757.0,500.0
183149,59.0,13340.65,45.0,5.0
183163,31.0,18750.0,2.0,1.0
184049,18.0,144.87,205.73,100.0
184898,10.0,145.35,62.0,5.0
185210,77.0,39294.29,19.0,30.0
185245,10.0,3.45,973.5,200.0
185256,38.0,1155.39,148.0,120.0
185680,10.0,9.14,18.0,10.0
185885,18.0,92.77,83.0,10.0
186154,31.0,277.92,11.0,300.0
186449,38.0,55161.92,37.0,20.0
186451,10.0,335.0,6.75,5.0
186605,39.0,335.0,193.0,50.0
186670,8.0,5270.64,5.0,2.0
186802,38.0,10815.21,30.0,5.0
186814,63.0,5727.07,5.0,1.0
187500,10.0,8.4,155.0,100.0
187775,20.0,15789.03,2.0,2.0
187942,67.0,17.95,188.0,200.0
188066,18.0,278.89,100.0,5.0
188685,35.0,1020.17,10.0,5.0
188845,33.0,696.0,8.0,8.0
189851,50.0,74944.75,3.0,3.0
191643,63.0,44.39,476.0,80.0
192171,21.0,19987.32,10.0,2.0
192434,45.0,19647.67,25.0,20.0
192581,31.0,19624.75,1.0,1.0
192850,31.0,5469.42,2.0,4.0
193386,10.0,7640.83,2.0,2.0
193986,38.0,36865.66,2.0,1.0
194244,33.0,30.17,134.0,50.0
194458,1.0,6554.87,8.0,5.0
194695,38.0,4253.85,9.0,10.0
195650,18.0,120.0,6.0,2.0
195846,33.0,16.64,98.0,50.0
195847,1.0,33536.63,0.0,5.0
195915,56.0,22.87,5283.0,200.0
196210,21.0,6828.7,2.0,1.0
196537,16.0,1518.585,41.0,10.5
196902,60.0,1397.77,49.0,90.0
197757,63.0,1678.0,3.0,1.0
197766,28.0,3719.37,4.0,2.0
199002,33.0,1279.95,19.0,20.0
199247,35.0,20.0,0.0,2.0
199308,77.0,1424.77,4.0,5.0
199371,17.0,1305.66,31.0,30.0
199961,15.0,15035.4,2.0,2.0
200960,18.0,16.98,5.0,10.0
200991,93.0,514.15,15.0,3.0
201795,10.0,762.88,38.94,10.0
201827,33.0,370.0,49.0,14.0
201946,28.0,5669.37,2.0,3.0
202548,48.0,220.0,50.0,15.0
202802,14.0,1800.0,1.0,1.0
203802,33.0,391.4,21.0,2.0
204160,40.0,500.01,0.0,50.0
204186,31.0,14926.0,0.0,1.0
204357,33.0,16.63,101.0,50.0
204458,33.0,100.0,8.0,1.0
205825,45.0,31649.9,0.0,1.0
206091,30.0,644.64,94.21,100.0
206364,18.0,229.6,10.0,2.0
206380,18.0,262.18,81.0,15.0
206592,11.0,972.86,141.0,50.0
206732,1.0,5310.48,45.0,10.0
206791,15.0,1825.93,1.0,2.0
206946,10.0,13.9,131.0,50.0
207843,31.0,212.88,260.981,16.0
207905,26.0,5271.03,0.0,4.0
207917,31.0,3116.0,18.0,6.0
208054,38.0,537.52,7.96,5.0
208768,24.0,2440.4,45.0,10.0
208790,10.0,4.53,1231.0,100.0
208838,21.0,664.0,5.0,5.0
208953,67.0,35.66,0.0,200.0
208997,18.0,930.0,6.0,2.0
209037,33.0,37674.0,7.0,3.0
209065,10.0,67.62,23.0,2.0
209745,33.0,56.44,159.0,10.0
210012,38.0,25235.23,2.0,2.0
210581,31.0,584.42,38.0,1.0
210674,38.0,1267.29,49.0,35.0
210865,45.0,154.37,0.0,250.0
211005,21.0,1165.75,23.0,12.0
211302,38.0,5920.94,0.0,3.0
211487,45.0,13819.0,1.0,1.0
211594,18.0,810.34,4.0,2.0
211980,17.0,289.98,19.0,10.0
212286,11.0,45.0,178.0,200.0
212676,77.0,11787.04,4.0,2.0
213245,10.0,42.77,154.0,10.0
213413,28.0,373.0,38.0,2.0
213420,28.0,28.39,483.0,60.0
213933,18.0,238.4,15.0,2.0
214631,33.0,353.84,10.0,2.0
214707,31.0,620.67,45.0,54.0
214867,38.0,680.0,0.0,5.0
215538,15.0,36597.63,1.0,1.0
215659,35.0,11233.77,17.0,3.0
215810,38.0,2948.17,2.0,2.0
215870,43.0,428.0,44.0,30.0
216125,10.0,13.15,1836.0,300.0
216197,24.0,239.72,59.0,20.0
217280,33.0,1375.0,1.0,1.0
217286,17.0,550.0,4.0,2.0
217959,10.0,8.7,168.0,100.0
218831,18.0,3140.0,16.0,3.0
218945,100.0,27263.18,10.0,30.0
219132,18.0,2800.0,6.0,1.0
219487,28.0,398.48,1.0,4.0
219522,50.0,4296.28,1.0,3.0
219670,50.0,299.88,51.0,25.0
219687,10.0,654.28,31.727,10.0
219928,45.0,121052.26,10.0,10.0
219968,21.0,490.61,5.0,1.0
220112,31.0,235.37,8.0,1.0
220120,50.0,408.42,8.0,4.0
220530,24.0,1600.0,7.0,5.0
220569,10.0,8.84,55.0,50.0
220671,33.0,571.12,20.0,10.0
220793,23.0,72.6,71.0,40.0
220963,28.0,1920.09,4.0,4.0
221609,10.0,7457.5,2.0,2.0
221756,38.0,39638.87,9.0,8.0
222054,67.0,5148.53,1.92,5.0
222585,38.0,14.6,5.0,10.0
223742,8.0,9955.47,0.0,2.0
223868,10.0,2234.77,0.0,10.0
224020,31.0,4634.35,4.0,1.0
224481,43.0,385.96,50.0,100.0
224527,21.0,2141.84,6.0,4.0
224726,28.0,2567.71,0.0,1.0
224856,21.0,29.75,47.0,16.0
224860,43.0,945.66,0.0,200.0
224984,18.0,3158.4,0.0,1.0
225666,10.0,327.8,77.25,10.0
225765,21.0,430.5,1.0,1.0
226387,38.0,2201.37,4.0,2.0
226543,45.0,13891.72,0.0,2.0
226768,18.0,233.4,27.0,5.0
226847,31.0,2121.47,39.0,1.0
227017,33.0,12.0,0.0,50.0
227451,17.0,3530.0,5.0,2.0
227544,33.0,53.0,16.0,8.0
227861,28.0,1739.99,7.0,5.0
229305,50.0,5492.34,9.0,5.0
229338,1.0,6303.49,7.0,10.0
229377,33.0,180.96,17.0,4.0
229393,28.0,1387.57,0.0,15.0
229394,28.0,43.13,1595.0,400.0
229538,31.0,367.78,2.0,4.0
229579,11.0,903.94,11.0,8.0
230051,24.0,71.69,182.0,60.0
230248,24.0,2442.24,5.0,5.0
230500,10.0,8.12,1312.0,100.0
231178,10.0,9.82,44.0,10.0
231288,10.0,114.87,34.0,4.0
232219,18.0,1718.69,2.0,1.0
232695,31.0,2980.28,73.0,40.0
232893,18.0,22.0,24.0,2.0
233323,33.0,10.89,302.0,30.0
233468,33.0,210.18,11.0,2.0
233963,77.0,16518.65,3.0,2.0
234434,1.0,12552.03,0.0,2.0
234462,10.0,15.9,115.0,20.0
234473,31.0,2609.0,7.0,5.0
234682,1.0,30758.89,1.0,2.0
234691,33.0,430.0,0.0,10.0
234818,33.0,2539.19,5.0,2.0
234850,7.0,2147.21,15.0,10.0
235492,18.0,50.87,17.0,10.0
235575,18.0,94.58,63.0,15.0
235938,18.0,223.41,59.0,1.0
235990,50.0,94754.08,1.0,1.0
236655,21.0,118.78,122.0,10.0
237049,1.0,202.49,36.0,50.0
237374,33.0,62.33,37.0,8.0
237996,33.0,1511.84,2.0,2.0
238046,33.0,425.0,5.0,5.0
239683,28.0,51.45,2776.0,750.0
239836,24.0,67.29,604.0,100.0
239884,31.0,284.41,23.0,10.0
240282,48.0,794.28,6.0,1.0
240936,18.0,278.99,136.05,100.0
241595,10.0,42.8,55.0,10.0
242148,18.0,950.0,0.0,5.0
242805,50.0,5789.21,4.0,5.0
243442,33.0,17650.0,0.0,2.0
243526,10.0,405.74,23.0,5.0
243551,67.0,11.61,0.0,1000.0
243956,34.0,356.74,227.0,200.0
244099,18.0,537.6,9.0,1.0
244516,31.0,421.11,2.0,4.0
245788,52.0,41580.0,9.0,1.0
246352,38.0,343.32,67.0,20.0
246923,303.0,327.68,112.0,100.0
247410,30.0,5029.83,0.0,16.0
247533,67.0,26.35,416.0,400.0
247744,23.0,40.58,50.0,20.0
247840,31.0,612.24,6.0,1.0
248036,25.0,2754.74,2.0,4.0
248360,31.0,3634.47,26.0,1.0
248835,18.0,418.0,18.0,10.0
248935,17.0,5016.73,2.0,4.0
249106,33.0,350.0,11.0,4.0
249172,28.0,60.0,9.0,20.0
249603,31.0,254.7,97.0,40.0
249987,18.0,160.0,60.0,15.0
250332,18.0,500.88,50.0,4.0
250938,15.0,60.53,19.0,100.0
250980,77.0,6577.64,0.0,10.0
251071,48.0,220.0,13.0,20.0
251196,33.0,2830.98,1.0,5.0
251253,33.0,270.1,24.0,15.0
251878,10.0,2.3,95.0,100.0
252217,24.0,45.02,874.0,1000.0
252593,50.0,32585.56,3.0,2.0
252643,50.0,4017.61,1.0,1.0
252651,28.0,2606.08,2.0,2.0
252744,10.0,670.0,18.0,5.0
252810,21.0,1233.4,8.15,10.0
253622,8.0,249.95,311.0,320.0
253775,10.0,14.21,95.0,20.0
253781,31.0,5864.16,4.0,10.0
253797,38.0,11088.73,24.0,50.0
254068,33.0,6210.73,12.73,30.0
254846,50.0,2567.6,91.0,60.0
255457,25.0,4928.72,4.0,4.0
256037,31.0,1018.3,5.0,1.0
256222,50.0,12310.31,5.0,5.0
256666,31.0,430.0,10.0,10.0
256745,33.0,150.0,64.0,80.0
256913,1.0,196.26,20.0,25.0
257067,45.0,6356.45,0.0,3.0
257695,23.0,270.42,90.0,10.0
257809,13.0,3.5,63.0,100.0
258454,10.0,9.05,146.0,100.0
258622,38.0,139.77,26.0,15.0
258730,33.0,625.0,2.0,2.0
259695,28.0,4.72,258.0,100.0
259784,18.0,52.42,664.0,100.0
259856,1.0,22801.98,10.0,30.0
260060,17.0,6641.84,0.0,2.0
260586,60.0,53.86,109.0,300.0
260677,10.0,3.08,6.0,5.0
260791,10.0,8.46,185.0,30.0
261023,50.0,31200.04,0.0,2.0
261086,11.0,202.0,57.0,50.0
261558,17.0,85.8,0.0,12.0
261685,31.0,70.88,479.0,300.0
261822,10.0,5.88,1735.0,200.0
262000,93.0,81.61,72.0,25.0
262128,1.0,16349.19,0.0,4.0
262542,50.0,5785.14,1.0,1.0
262608,31.0,1388.0,11.0,1.0
263605,38.0,1355.77,19.0,10.0
263837,50.0,194.01,382.0,500.0
264041,50.0,191.79,50.0,50.0
264085,31.0,3473.12,22.0,30.0
264342,18.0,2619.84,5.0,1.0
264536,38.0,18.88,118.0,200.0
264877,28.0,486.36,3.0,10.0
264916,33.0,1933.19,0.0,3.0
265711,23.0,540.12,9.0,1.0
266320,38.0,30.32,333.0,2.0
266623,10.0,144.91,63.0,20.0
266923,48.0,445.0,40.0,50.0
267028,50.0,12756.86,14.0,9.0
268253,28.0,2525.38,37.0,75.0
269125,38.0,5417.53,1.0,5.0
269546,11.0,382.72,41.0,100.0
270143,21.0,4872.95,5.0,4.0
270398,17.0,106.0,33.0,30.0
270598,50.0,977.7,0.0,50.0
270656,18.0,480.35,16.0,2.0
270961,50.0,5221.71,1.0,2.0
271247,28.0,395.0,24.0,20.0
271336,1.0,12435.88,0.0,2.0
272055,21.0,22752.55,12.0,15.0
272139,23.0,281.35,1.0,10.0
272873,10.0,2.1,1243.0,300.0
273245,18.0,171.53,51.0,2.0
273322,31.0,511.66,11.0,1.0
273981,33.0,3623.97,5.635,5.0
274255,28.0,6407.74,3.0,2.0
274466,45.0,1377.62,25.0,30.0
274772,32.0,5324.94,3.0,1.0
275078,1.0,3101.17,64.0,60.0
275097,51.0,2543.51,3.0,1.0
275297,48.0,1770.0,22.0,15.0
275794,28.0,81.0,43.0,20.0
276185,10.0,225.0,12.0,1.0
276771,31.0,1695.89,58.0,30.0
276863,28.0,49.61,73.0,50.0
276913,31.0,2359.39,129.0,50.0
277434,28.0,39.0,266.0,100.0
277552,90.0,225.96,23.0,20.0
278619,31.0,81.0,163.0,200.0
278701,45.0,840.72,0.0,6.0
279048,33.0,213.2,19.0,10.0
279473,77.0,2618.31,24.0,20.0
281095,28.0,190.02,14.0,20.0
281436,50.0,140489.14,2.0,2.0
281458,33.0,230.0,30.0,5.0
281516,18.0,22.67,0.0,10.0
281680,67.0,6.07,505.65,100.0
281882,38.0,37768.25,0.0,1.0
282359,58.5,20360.059999999998,12.0,17.5
282901,1.0,2218.66,25.0,35.0
282904,10.0,82.0,24.0,14.0
282943,31.0,15104.63,4.0,1.0
283700,18.0,340.26,3.0,1.0
284052,18.0,4815.76,0.0,1.0
284087,33.0,747.77,37.0,100.0
284099,10.0,1.05,4454.0,200.0
284494,21.0,1018.77,8.0,4.0
285051,35.0,1925.86,136.316,24.0
285193,33.0,244.0,18.0,15.0
285498,10.0,3.45,189.024,100.0
285506,48.0,49.99,89.0,36.0
285541,40.0,1222.82,4.0,5.0
285699,38.0,101.42,24.0,10.0
285766,18.0,510.0,5.0,1.0
285910,67.0,60.17,33.0,100.0
286298,17.0,4.5,306.0,100.0
286357,17.0,912.73,7.0,3.0
287160,10.0,64.97,16.0,10.0
287764,28.0,1213.81,22.0,6.0
287892,18.0,3.51,30.0,10.0
288062,56.0,21.5,127.0,100.0
288104,48.0,48.0,113.0,25.0
288730,67.0,16.92,0.0,100.0
288789,10.0,18816.87,4.0,3.0
289040,31.0,26500.0,1.0,1.0
289107,28.0,225.82,30.0,50.0
289128,45.0,1785.1,10.0,2.0
289630,50.0,585.76,183.0,250.0
290241,35.0,12.0,8.0,2.0
290400,1.0,17790.51,3.0,20.0
290731,10.0,28.75,257.0,100.0
290894,10.0,154.12,506.0,10.0
290912,31.0,385.0,6.0,2.0
290970,17.0,380.0,12.0,15.0
291166,48.0,3099.31,23.585,20.0
291564,21.0,1010.76,66.0,300.0
291784,10.0,99.69,129.0,20.0
292055,45.0,8036.83,0.0,2.0
292371,78.0,62603.58,0.0,10.0
292574,28.0,161947.35,0.0,1.0
292941,60.0,77.38,46.0,30.0
293972,38.0,8252.39,4.0,6.0
294287,18.0,558.89,9.0,10.0
294538,48.0,19.5,550.0,700.0
294877,77.0,1096.68,20.0,20.0
295518,18.0,2.03,1004.0,200.0
296256,38.0,599.0,2.0,1.0
296341,33.0,390.0,18.0,2.0
296893,31.0,746.95,0.0,15.0
296920,28.0,119.05,173.0,400.0
297110,77.0,7.16,0.0,8.0
298088,22.0,4803.9,7.0,1.0
298349,33.0,2565.97,1.0,1.0
299056,10.0,58.42,1183.0,300.0
299898,33.0,249.78,38.0,20.0
300109,33.0,5.24,190.0,50.0
300240,60.0,1341.96,9.0,100.0
300475,31.0,19830.0,0.0,1.0
300478,10.0,2353.29,6.0,2.0
300499,17.0,790.0,2.0,2.0
300591,50.0,4150.71,30.0,4.0
300598,43.0,787.5,100.0,100.0
300687,63.0,6395.45,8.0,2.0
300900,50.0,5957.8,8.0,5.0
301540,28.0,160.0,88.0,5.0
301780,90.0,566.07,289.0,120.0
302964,10.0,9.0,100.0,5.0
303796,77.0,1196.3,3.0,5.0
303916,18.0,575.45,59.0,4.0
304057,33.0,105.0,12.0,6.0
304307,10.0,37.61,92.0,50.0
304553,33.0,212.1,47.0,32.0
304984,17.0,19.99,22.0,2.0
305440,28.0,1546.5,39.55,50.0
305450,93.0,2678.0,6.0,20.0
305713,65.0,1715.16,8.0,4.0
306692,18.0,65.0,5.0,10.0
306891,40.0,13407.13,16.0,20.0
307368,50.0,157533.01,12.0,4.0
307460,18.0,100.0,0.0,5.0
307496,17.0,237.74,20.0,8.0
307552,28.0,82.5,43.0,1.0
308224,48.0,5455.61,33.0,20.0
308496,21.0,124.9,14.0,10.0
308648,33.0,33.91,21.0,2.0
308776,50.0,11754.1,0.0,4.0
309199,56.0,1297.8,2.0,1.0
309331,50.0,3515.65,1.0,2.0
309645,24.0,518.24,686.572,200.0
310194,50.0,2660.01,3.0,5.0
312371,93.0,212.45,49.0,40.0
312826,18.0,95.25,53.0,10.0
313193,35.0,12.0,10.0,2.0
313731,18.0,3027.13,34.0,3.0
314425,8.0,11083.76,2.0,6.0
315272,10.0,8.7,139.0,100.0
315456,31.0,2880.0,6.0,1.0
315461,28.0,532.81,10.0,12.0
316251,28.0,4.57,4091.0,1200.0
316402,14.0,190.98,36.0,25.0
316432,24.0,143.21,219.0,200.0
316494,50.0,48836.73,3.0,2.0
316734,18.0,39.78,64.0,30.0
316815,1.0,15584.01,2.0,5.0
316850,48.0,228.94,20.0,10.0
317211,93.0,1266.9,23.0,20.0
317293,15.0,3557.61,5.0,5.0
317600,77.0,1344.01,3.0,20.0
317879,33.0,1913.98,28.0,15.0
318049,18.0,8429.0,0.0,5.0
318487,33.0,397.84,58.0,10.0
318751,38.0,28.73,332.0,200.0
319660,50.0,93270.45,2.0,10.0
321505,17.0,186.0,35.0,20.0
321541,50.0,6005.48,1.0,2.0
322045,7.0,8712.89,6.0,6.0
322160,24.0,4215.55,9.0,1.0
322584,33.0,1785.23,11.2,20.0
322703,21.0,37241.34,2.0,2.0
322882,33.0,23.0,595.0,200.0
323027,27.0,176.76,666.0,500.0
324449,43.0,154.91,19.0,20.0
325021,18.0,3653.0,4.0,1.0
325084,31.0,16251.86,27.0,1.0
325221,1.0,5572.42,5.0,10.0
325458,28.0,3758.22,20.72,10.0
325907,21.0,1749.0,18.0,10.0
326453,33.0,846.0,13.0,5.0
327074,28.0,1350.03,0.0,15.0
327506,33.0,200.0,6.0,1.0
327587,38.0,1536.89,139.0,15.0
328560,10.0,1888.93,12.0,3.0
329018,33.0,455.0,29.0,15.0
329092,18.0,700.0,1.0,1.0
329157,24.0,89.14,0.0,4.0
329237,18.0,645.0,37.0,15.0
329361,48.0,728.52,353.0,150.0
329481,93.0,54.11,16.0,25.0
329977,77.0,32140.59,1.0,1.0
331535,21.0,2994.09,20.0,30.0
331597,17.0,10340.57,2.0,2.0
333888,38.0,27274.06,1.0,1.0
334120,17.0,1230.28,6.0,2.0
334232,30.0,1598.35,16.0,30.0
334261,10.0,2.75,370.0,100.0
334361,24.0,657.8,1.0,1.0
334937,90.0,770.44,8.0,4.0
336256,18.0,774.32,3.0,1.0
336986,17.0,145.0,81.0,15.0
336994,21.0,171.69,250.0,50.0
338262,10.0,8.63,570.0,100.0
339038,24.0,1044.15,35.0,5.0
339689,31.0,8943.52,2.0,4.0
339715,28.0,801.18,26.0,10.0
339856,1.0,4719.16,6.0,2.0
340439,10.0,3.99,623.0,10.0
341000,38.0,13332.17,12.0,3.0
341377,17.0,783.89,174.0,200.0
342371,33.0,1326.0,6.0,2.0
342478,77.0,8983.38,8.0,4.0
342977,10.0,2500.0,30.0,1.0
343158,38.0,577.43,7.0,3.0
343462,10.0,114.87,28.0,4.0
344772,56.0,36889.83,14.35,7.0
345766,33.0,185.16,16.0,20.0
346436,14.0,2183.32,0.0,10.0
347788,38.0,25784.95,11.0,6.0
349085,11.0,873.1,2.0,500.0
349387,15.0,37049.38,6.0,5.0
349569,18.0,2470.8,1.0,2.0
349641,38.0,2187.89,25.0,10.0
350350,10.0,7931.32,1.0,1.0
350361,123.0,74.19,122.0,100.0
350591,28.0,1184.5,15.0,5.0
350617,8.0,1781.05,0.0,25.0
350621,10.0,756.02,0.0,1.0
351504,43.0,1214.8,4.0,150.0
351517,18.0,551.79,46.0,2.0
351982,45.0,28985.23,0.0,10.0
352332,71.0,3453.45,20.0,20.0
352412,28.0,5859.96,0.0,4.0
353023,18.0,30.0,97.0,5.0
353902,33.0,30.0,222.0,100.0
353938,23.0,70.28,157.25,100.0
354106,24.0,211.26,0.0,2.0
354162,25.0,6104.26,2.0,4.0
354267,10.0,1146.22,70.0,3.0
354424,87.0,54950.92,6.0,1.0
354665,33.0,977.67,4.0,2.0
354934,38.0,13.93,50.0,30.0
355652,28.0,244.0,73.0,25.0
355789,23.0,10100.0,3.0,2.0
355811,4.0,40907.52,1.0,5.0
355824,17.0,1350.0,1.0,1.0
356066,38.0,50743.03,2.0,2.0
356116,18.0,247.2,67.0,50.0
356317,33.0,172.9,93.0,70.0
356479,31.0,5391.0,10.0,10.0
356907,8.0,714.31,5.0,15.0
357188,10.0,8.95,13.0,10.0
357745,24.0,126.31,29.0,15.0
358149,14.0,1280.0,2.0,2.0
358223,10.0,41.32,316.0,100.0
358416,10.0,214.93,43.0,12.0
358715,18.0,165.8,20.0,5.0
359208,26.0,130.6,19.0,12.0
359252,31.0,18252.0,2.0,2.0
359317,153.0,740.0,149.0,300.0
359340,28.0,6100.0,4.0,3.0
360374,7.0,764.87,8.0,5.0
360554,7.0,326.29,137.0,60.0
360710,50.0,120.44,257.0,300.0
361214,45.0,5145.86,9.0,2.0
361439,13.0,18.18,30.0,5.0
362164,28.0,4058.55,16.926,50.0
362166,10.0,5.07,130.0,100.0
363319,31.0,116.26,275.0,200.0
363425,1.0,4900.59,4.0,10.0
363507,33.0,360.45,38.0,15.0
363535,1.0,12187.25,0.0,4.0
363836,31.0,1149.21,139.0,100.0
364133,45.0,2805.44,2.0,6.0
364193,33.0,2900.0,5.0,3.0
364573,24.0,10032.82,6.0,3.0
364683,59.0,1999.28,4.0,1.0
365187,77.0,6414.33,0.0,10.0
365228,25.0,14998.39,4.0,4.0
366603,17.0,334.81,7.0,5.0
366924,21.0,435.0,0.0,5.0
367014,10.0,24.51,714.0,100.0
367505,21.0,430.5,1.0,1.0
367764,1.0,5744.86,0.0,1.0
368258,10.0,5480.0,3.0,1.0
368963,55.0,60443.96,0.0,15.0
369280,21.0,85.0,20.0,10.0
370261,38.0,3704.43,7.0,5.0
371083,28.0,5.09,4184.0,1200.0
371672,50.0,302028.68,0.0,1.0
372310,48.0,2808.18,18.01,60.0
372918,10.0,1.4,920.0,1500.0
373095,50.0,17180.64,20.0,20.0
373757,24.0,90.0,30.0,10.0
374505,31.0,5461.69,3.0,1.0
374566,31.0,14090.0,1.0,1.0
375124,21.0,3873.02,51.0,100.0
375243,24.0,150.0,31.0,5.0
375621,30.0,12005.4,15.0,25.0
375707,50.0,4.14,140.0,100.0
376007,11.0,405.16,60.0,4.0
376120,50.0,1511.0,13.0,500.0
376282,10.0,8.06,172.0,100.0
376620,50.0,22819.02,0.0,5.0
376719,40.0,939.7,7.0,5.0
376851,60.0,2645.4,13.97,30.0
377323,21.0,16486.7,7.0,3.0
377621,24.0,1165.0,5.0,1.0
377735,24.0,3667.69,8.0,6.0
377755,17.0,2425.0,1.0,2.0
378093,21.0,3461.07,4.0,2.0
378120,50.0,1677.18,2.0,3.0
378371,52.0,13.53,75.0,200.0
378550,38.0,13463.46,5.0,4.0
378614,17.0,1230.28,6.0,2.0
378717,17.0,320.0,12.0,15.0
378753,38.0,448.09,54.0,50.0
378796,33.0,270.0,3.0,4.0
379352,10.0,9.05,177.0,100.0
379521,73.0,3970.0,34.0,10.0
379682,77.0,3540.6,5.0,5.0
380943,35.0,7086.64,0.885,0.855
381473,48.0,700.0,30.0,10.0
381529,35.0,284.77,6.0,8.0
382175,18.0,870.0,20.0,1.0
382188,28.0,105.38,52.0,5.0
382507,1.0,5890.33,3.0,2.0
382872,33.0,1513.03,1.0,2.0
383045,18.0,175.37,133.0,25.0
383231,38.0,3001.91,2.0,2.0
383448,1.0,2022.64,99.0,65.0
383741,17.0,13.6,400.0,200.0
384203,24.0,1939.74,10.0,4.0
384380,21.0,2573.44,10.0,6.0
384726,59.0,1051.3,21.0,3.0
384756,31.0,64.83,270.0,300.0
385920,18.0,474.48,14.4,10.0
385923,28.0,5898.12,2.0,4.0
386562,50.0,67373.29,16.0,10.0
387262,28.0,4642.42,62.0,5.0
387495,77.0,169699.73,0.0,2.0
388359,21.0,2.61,2006.0,200.0
388947,35.0,1307.44,1091.916,130.0
389697,48.0,925.0,0.0,1.0
389834,38.0,19579.27,4.0,5.0
389835,10.0,5.5,296.0,100.0
390188,18.0,147.48,60.0,10.0
390513,17.0,13094.1,6.0,2.0
390730,48.0,2666.0,0.0,4.0
391449,31.0,4000.0,2.0,1.0
391513,24.0,777.87,31.0,15.0
392186,18.0,45.0,26.0,8.0
393769,16.0,1192.91,1.0,5.0
393983,67.0,9.02,960.795,200.0
394459,20.0,1620.39,0.0,4.0
394703,33.0,57.55,18.0,10.0
395628,10.0,19.54,52.0,30.0
395703,21.0,2109.27,13.0,1.0
396872,23.0,281.53,0.0,10.0
397187,43.0,9645.17,5.0,10.0
397745,67.0,6767.75,3.0,3.0
397751,50.0,4180.54,7.0,2.0
397764,33.0,79.4,56.0,50.0
398055,31.0,4082.93,0.0,2.0
398571,18.0,379.69,8.0,5.0
398870,31.0,930.6,2.0,15.0
399376,77.0,8605.04,3.0,1.0
399551,18.0,235.31,122.0,20.0
400350,28.0,281.9,38.295,40.0
400708,31.0,36302.0,4.0,1.0
400885,10.0,85.0,6.037,5.0
401548,33.0,20617.41,1.0,1.0
401851,11.0,2694.44,19.0,10.0
402220,13.0,1.9,230.0,25.0
402388,13.0,11.73,189.0,10.0
402680,10.0,5.58,183.0,50.0
402977,31.0,5651.25,4.0,2.0
402978,31.0,16850.0,4.0,2.0
403033,10.0,543.75,1.0,1.0
403437,23.0,23.0,1.0,4.0
403441,77.0,2691.01,3.0,5.0
403707,48.0,132.97,565.0,150.0
404176,50.0,704.86,214.0,40.0
404461,21.0,1770.48,0.0,10.0
404513,38.0,441.15,148.0,50.0
404528,10.0,47.6,73.0,50.0
404707,18.0,972.4,2.0,1.0
405070,48.0,558.12,535.0,100.0
405114,50.0,5693.07,3.0,5.0
405428,24.0,958.11,3.0,5.0
405547,31.0,137.36,107.0,300.0
406512,33.0,297.0,10.0,20.0
407408,18.0,1120.0,10.0,2.0
407563,31.0,176.78,195.0,400.0
407669,38.0,2514.58,7.0,10.0
407760,21.0,780.0,0.0,1.0
407888,67.0,17175.68,6.0,10.0
408809,10.0,13303.22,3.728,0.25
409112,33.0,418.39,0.0,30.0
409300,18.0,119.91,17.0,10.0
409745,93.0,98.76,23.0,10.0
409814,38.0,1246.52,1.0,3.0
410109,38.0,142.32,12.0,100.0
410205,24.0,329.01,7352.0,800.0
410334,24.0,744.34,78.0,30.0
410567,10.0,7.88,992.0,100.0
410603,56.0,92.64,1739.0,100.0
411537,31.0,80.0,47.0,15.0
411553,21.0,652.91,8.6,5.0
412042,50.0,20967.04,8.0,3.0
412278,38.0,4515.05,20.0,12.0
412396,38.0,132.68,0.0,4.0
412454,24.0,924.0,24.0,5.0
412665,50.0,5186.83,0.0,1.0
412964,31.0,2000.0,2.0,1.0
413010,21.0,526.5,10.0,2.0
413012,21.0,20.0,45.0,10.0
413053,77.0,32140.59,0.0,1.0
413389,10.0,18448.0,4.0,3.0
413484,50.0,292.13,268.8,100.0
413487,18.0,315.07,67.1,1.0
414377,24.0,12720.0,0.0,1.0
414437,67.0,261.95,294.0,55.0
414468,18.0,166.25,25.0,3.0
414740,31.0,49874.57,0.0,2.0
415151,50.0,3312.88,23.0,12.0
415430,105.0,1266.39,21.0,10.0
415973,50.0,9507.34,0.0,2.0
416085,18.0,503.8,85.0,4.0
416191,33.0,596.57,94.0,30.0
416198,18.0,1039.49,9.0,2.0
416280,18.0,2102.26,7.0,2.0
416822,38.0,96.84,283.0,200.0
416995,18.0,2913.51,12.0,10.0
417046,10.0,15.0,0.0,200.0
417277,31.0,190.01,5.0,1.0
417387,21.0,1.04,6172.0,80.0
417551,38.0,81.51,79.86,60.0
417983,50.0,392.02,42.0,10.0
418838,28.0,210.0,6.0,2.0
418961,10.0,27.02,93.0,5.0
419142,10.0,124.95,25.0,2.0
419256,38.0,10153.59,5.0,8.0
421395,18.0,458.45,6.0,5.0
421634,123.0,101.76,92.0,100.0
421703,21.0,5926.3,2.0,2.0
421736,28.0,82.84,21.0,40.0
421916,33.0,591.0,0.0,20.0
422007,18.0,1765.0,10.0,4.0
422138,10.0,560.99,38.3,5.0
423682,10.0,5.69,166.0,100.0
424266,18.0,1050.0,0.0,10.0
424342,10.0,15.65,802.0,50.0
424409,10.0,6272.0,5.0,1.0
424639,31.0,61.0,65.0,50.0
424687,21.0,3116.0,13.0,6.0
424848,24.0,162.06,16.0,5.0
424961,43.0,126.86,22.0,10.0
425214,67.0,1028.54,10.0,2.0
425534,90.0,285.33,66.0,100.0
425614,23.0,310.0,2.0,40.0
425682,15.0,425.0,4.0,1.0
426170,50.0,78939.8,5.0,5.0
426659,50.0,4622.18,3.0,2.0
426806,33.0,114.05,58.0,8.0
427090,45.0,2543.65,0.0,50.0
427370,45.0,35847.35,25.0,25.0
427384,50.0,802.88,7.0,5.0
428442,38.0,29.32,160.0,1000.0
428777,59.0,13450.76,29.0,1.0
428843,77.0,442.58,306.0,50.0
428929,43.0,943.66,0.0,200.0
429635,18.0,3140.0,8.0,1.0
430284,10.0,3627.9,1.55,1.0
430637,21.0,705.29,0.0,4.0
430853,48.0,810.0,21.0,8.0
430886,60.0,17153.22,6.0,2.0
431381,45.0,70.95,37.0,5.0
431715,48.0,598.11,94.0,10.0
431894,45.0,7802.06,0.0,1.0
432451,65.0,30447.03,2.0,10.0
432468,10.0,71.12,7.0,2.0
432874,13.0,123.23,144.0,20.0
433007,31.0,14099.51,13.0,8.0
433801,31.0,12126.86,23.0,8.0
433822,50.0,4594.37,14.0,10.0
434173,17.0,572.84,8.0,2.0
434258,24.0,90972.74,0.0,1.0
435095,45.0,1484.24,1.0,3.0
435252,10.0,27.28,0.0,5.0
435670,50.0,3147.87,0.0,5.0
435674,14.0,2603.75,3.0,20.0
436010,50.0,5969.49,33.935,30.0
436054,17.0,11.08,231.0,100.0
436193,31.0,1043.82,2.0,15.0
436299,5.0,177.14,18.0,15.0
436645,17.0,788.74,36.0,200.0
436797,38.0,58.95,43.0,35.0
437242,17.0,399.15,24.0,10.0
437544,38.0,12024.28,4.0,4.0
437775,38.0,1371.52,55.0,8.0
437858,17.0,15640.0,0.0,2.0
438086,50.0,12734.68,0.0,2.0
439299,30.0,289.72,23.0,100.0
439457,38.0,3231.77,42.0,30.0
439481,18.0,491.43,12.0,1.0
440634,50.0,1530.02,14.0,10.0
440819,45.0,278.16,3.0,20.0
441056,17.0,10697.29,12.0,8.0
441157,14.0,1093.75,0.0,2.0
441313,18.0,106.39,38.0,20.0
441468,17.0,1950.0,43.0,5.0
442230,10.0,7.83,6410.0,1500.0
442256,21.0,1187.67,6.0,5.0
442461,18.0,441.68,16.0,5.0
442882,31.0,23500.0,6.0,2.0
444715,33.0,411.89,17.0,30.0
445290,18.0,65.0,22.0,30.0
445353,10.0,47.97,52.0,10.0
445676,25.0,630.71,19.0,8.0
445710,50.0,7210.48,2.0,2.0
445786,67.0,18.46,34.0,22.0
446324,33.0,763.27,11.0,4.0
446648,33.0,72.93,18.0,4.0
446839,21.0,3655.51,8.0,2.0
447517,21.0,140.0,0.0,2.0
447922,13.0,500.0,34.0,10.0
448163,50.0,5285.25,1.0,1.0
448234,18.0,2478.0,10.0,4.0
448478,10.0,2.86,504.0,200.0
448853,8.0,10315.73,0.0,2.0
449850,31.0,1110.0,7.0,2.0
450141,130.0,161.05,2500.0,1000.0
450268,25.0,630.75,13.0,8.0
450321,33.0,327.78,26.0,10.0
450907,33.0,236.08,135.0,30.0
450952,7.0,1190.36,2.0,5.0
451389,38.0,2438.09,38.0,50.0
451554,67.0,27011.77,6.82,2.0
451671,18.0,558.44,16.0,1.0
451897,50.0,33142.82,1.0,3.0
452109,17.0,368.07,13.0,1.0
452327,10.0,72.17,46.0,20.0
452508,18.0,620.0,42.0,30.0
453567,33.0,900.02,3.0,1.0
453892,31.0,3585.68,11.0,1.0
454267,10.0,889.4,82.0,40.0
454889,38.0,10400.96,40.0,20.0
455223,1.0,22181.96,0.0,1.0
455411,56.0,697.87,200.0,200.0
456277,31.0,255.0,67.0,30.0
457425,33.0,830.0,50.0,3.0
457501,38.0,1700.71,6.0,5.0
458069,50.0,12229.66,6.0,5.0
458369,14.0,463.8,30.0,10.0
458646,21.0,652.33,0.0,4.0
458816,33.0,52.49,434.0,60.0
458831,18.0,943.62,23.0,4.0
458882,48.0,798.2,3.0,1.0
459606,33.0,331.34,17.0,4.0
459846,18.0,9433.34,0.0,1.0
460456,28.0,3194.41,1.0,2.0
461044,45.0,6632.48,0.0,2.0
461705,40.0,16480.05,27.0,25.0
461757,1.0,18067.27,0.0,4.0
462009,28.0,361.73,3.0,5.0
462545,31.0,1928.54,66.0,2.0
463025,24.0,19701.0,4.0,2.0
463620,17.0,115.0,284.0,200.0
463686,38.0,20.24,206.0,10.0
464104,67.0,77.77,18.0,10.0
464305,48.0,582.0,0.0,50.0
464313,52.0,46.57,145.0,100.0
464848,18.0,1390.0,6.0,1.0
465191,10.0,780.48,0.0,300.0
465276,31.0,80.0,16.0,3.0
466061,93.0,62.92,37.0,50.0
466247,50.0,28096.91,2.0,3.0
466688,10.0,51.22,64.0,40.0
466792,42.0,62036.01,2.0,2.0
467296,31.0,85.0,140.0,50.0
467845,10.0,8.02,1410.0,20.0
468001,50.0,515.56,0.0,2.0
468021,18.0,900.73,23.0,1.0
468182,15.0,908.13,0.0,10.0
468529,33.0,73.06,79.0,50.0
469006,33.0,108.47,497.0,100.0
469836,77.0,5590.14,6.0,2.0
469839,10.0,8.71,83.0,50.0
470054,18.0,150.0,51.0,20.0
470078,24.0,317.98,2.0,2.0
470139,22.0,711.13,25.0,250.0
470174,50.0,24890.32,2.0,2.0
470322,17.0,13607.94,2.0,4.0
471672,31.0,104.78,73.0,100.0
471859,24.0,2526.9,13.0,1.0
472179,45.0,950.0,21.0,50.0
472437,10.0,99.38,396.0,50.0
472668,10.0,112.89,0.0,100.0
473067,59.0,10111.0,8.0,2.0
473590,24.0,20215.82,40.111,5.0
473809,77.0,37203.05,4.0,1.0
474225,21.0,16461.0,1.0,1.0
474551,38.0,16943.74,5.0,5.0
474983,28.0,389.21,24.0,50.0
475016,77.0,59484.48,1.0,2.0
475100,18.0,170.32,67.0,200.0
475560,18.0,2604.81,9.0,15.0
475834,50.0,1139.83,1.0,20.0
475987,59.0,23379.2,60.0,4.0
476028,10.0,156.67,79.0,4.0
477738,38.0,469.83,28.22,10.0
477817,24.0,1489.0,9.0,12.0
477833,23.0,1719.0,90.0,10.0
478013,67.0,715.1,115.0,50.0
478199,18.0,930.0,8.0,2.0
478308,28.0,579.54,33.0,100.0
478325,31.0,2610.0,3.0,1.0
478398,18.0,59.81,14.0,10.0
478401,10.0,38.81,14.0,10.0
478580,18.0,3650.0,2.0,2.0
479352,18.0,210.0,538.0,20.0
479468,10.0,958.39,10.0,1.0
479798,18.0,279.23,39.0,10.0
480290,33.0,56.12,184.0,30.0
480488,50.0,55753.3,5.0,2.0
480607,35.0,4483.79,2.0,2.0
481198,65.0,28655.49,0.0,10.0
481621,93.0,3326.68,10.5,20.0
481639,33.0,283.5,300.0,200.0
482699,18.0,60.0,26.0,10.0
482800,63.0,59.35,923.0,1000.0
483196,10.0,37.0,55.0,20.0
483655,10.0,170.0,10.0,3.0
484114,18.0,165.25,39.0,5.0
484302,67.0,6841.08,8.0,4.0
486156,21.0,1948.0,0.0,10.0
486187,45.0,25134.75,15.0,15.0
486545,17.0,3944.32,15.0,5.0
487060,31.0,59.0,345.0,100.0
487232,50.0,112.3,10.0,10.0
487582,33.0,445.67,11.0,4.0
487896,50.0,4011.9,74.0,35.0
488244,18.0,95.33,50.0,10.0
488299,21.0,219.32,886.0,400.0
488413,10.0,18.3,38.0,10.0
488509,1.0,10675.77,0.0,2.0
489188,59.0,20391.34,21.0,6.0
489370,33.0,53.0,272.0,75.0
489502,67.0,10.55,104.968,300.0
489843,31.0,1907.21,80.0,20.0
490523,71.0,2805.03,20.0,20.0
490967,24.0,1975.9,11.0,3.0
491247,31.0,13579.0,0.0,1.0
491553,50.0,4526.84,73.0,40.0
491864,18.0,830.68,17.0,5.0
492407,8.0,101.25,116.0,10.0
492473,38.0,384.32,25.32,50.0
492550,24.0,5350.0,30.0,1.0
492709,31.0,5.16,2472.98,100.0
492802,31.0,560.0,151.0,100.0
493149,33.0,16.2,0.0,1000.0
493236,28.0,25.7,421.0,50.0
493246,1.0,2112.46,9.0,65.0
493653,10.0,9.19,51.0,20.0
494561,48.0,508.0,13.0,10.0
494888,31.0,734.09,12.0,15.0
495097,13.0,18.0,14.0,10.0
495397,48.0,2335.2,18.0,6.0
495924,18.0,1444.8,2.0,1.0
495940,33.0,35.0,89.0,50.0
495987,22.0,930.0,3.0,2.0
496593,19.0,1770.87,2.0,5.0
497115,10.0,27.43,44.0,10.0
497274,14.0,2288.76,15.0,25.0
497478,17.0,101.78,78.0,5.0
497804,38.0,5485.07,2.0,5.0
498876,33.0,30.59,30.0,2.0
498994,33.0,1126.66,25.0,25.0
499508,1.0,25304.47,0.0,1.0
499799,67.0,11.09,1422.212,1000.0
499870,49.0,10383.25,0.0,25.0
500658,10.0,0.95,233.0,500.0
501215,38.0,6672.81,18.0,5.0
501966,15.0,200.0,0.0,2.0
502080,33.0,1195.06,48.0,10.0
502634,50.0,7628.11,2.0,2.0
502762,50.0,7471.35,12.0,10.0
503071,33.0,38.0,15.0,2.0
503365,13.0,0.5,1595.0,1000.0
503805,65.0,29497.14,4.0,2.0
503994,31.0,35988.31,14.0,10.0
504051,67.0,7887.38,2.0,3.0
504426,38.0,2405.58,2.0,2.0
504753,48.0,595.24,5.0,1.0
505319,50.0,34485.0,4.0,1.0
505703,17.0,434.7,30.0,20.0
505992,33.0,29.0,401.0,100.0
506997,28.0,47.59,2401.0,400.0
507277,10.0,10.0,6.0,4.0
507398,48.0,325.0,20.0,10.0
507851,48.0,943.74,177.0,20.0
507895,90.0,564.76,94.0,120.0
508521,10.0,921.59,2.0,1.0
508648,24.0,1268.61,2.0,2.0
508836,38.0,1890.0,1.0,1.0
508856,10.0,40893.5,1.0,1.0
510008,77.0,22441.04,0.0,10.0
510284,7.0,2683.9,6.0,4.0
510450,55.0,459.0,330.0,100.0
510810,33.0,34.0,227.0,100.0
512389,18.0,603.75,7.0,2.0
512882,38.0,20.03,39.0,7.0
513690,24.0,278.72,17.0,2.0
513840,28.0,500.0,13.0,1.0
513877,10.0,41.65,42.0,10.0
514225,10.0,1824.86,52.0,3.0
515728,17.0,350.0,102.0,50.0
516248,18.0,17.09,139.0,100.0
516478,50.0,9967.37,9.0,3.0
516875,67.0,13.73,408.0,100.0
517215,31.0,390.0,3.0,4.0
519187,30.0,289.89,0.0,100.0
519209,25.0,631.0,16.0,8.0
519439,100.0,30206.26,20.0,10.0
519795,38.0,12488.43,15.0,1.0
519963,18.0,48.32,83.0,5.0
520397,31.0,5547.82,31.0,10.0
520407,90.0,146.2,1280.0,300.0
520861,33.0,432.3,13.0,20.0
521066,50.0,40107.22,0.0,1.0
521515,31.0,1725.0,14.0,10.0
522228,18.0,24.0,160.0,100.0
522499,50.0,31.74,182.0,10.0
522788,14.0,25577.19,0.0,1.0
523070,18.0,100.0,107.0,30.0
523421,50.0,24690.45,10.0,4.0
523914,28.0,184.0,53.0,30.0
524293,31.0,682.2,15.0,10.0
524485,67.0,49.16,73.0,20.0
524860,77.0,2955.25,0.0,5.0
524954,48.0,1850.0,104.0,80.0
525001,18.0,148.46,33.0,20.0
525507,28.0,1667.19,26.0,10.0
526309,17.0,480.0,2.0,2.0
526483,18.0,114.31,85.0,10.0
527350,23.0,694.38,0.0,30.0
527663,50.0,41701.21,1.0,1.0
527723,10.0,117.5,69.0,10.0
527931,10.0,6.67,23.0,20.0
528020,17.0,600.0,6.0,5.0
528266,38.0,15.7,62.0,10.0
528408,21.0,985.68,116.0,200.0
528505,10.0,8.62,452.0,50.0
528765,45.0,1698.33,9.0,10.0
529787,17.0,727.92,5.0,3.0
530316,33.0,1330.24,39.0,10.0
530652,38.0,1700.27,6.465,10.0
530697,1.0,36838.88,0.0,5.0
531150,31.0,303.0,8.0,1.0
531280,1.0,6431.68,2.0,2.0
532040,50.0,21393.53,4.0,2.0
532085,31.0,475.0,80.0,30.0
532548,10.0,20.0,109.8,50.0
532600,18.0,57.16,89.0,30.0
532710,60.0,1585.26,62.0,100.0
533069,31.0,11154.63,49.0,1.0
533077,60.0,53.54,351.0,200.0
533416,31.0,746.76,10.0,15.0
533607,10.0,1230.0,10.0,5.0
533883,20.0,15789.03,4.0,4.0
533982,17.0,21591.19,2.0,2.0
534348,65.0,12008.36,2.0,10.0
534670,10.0,14.55,50.0,20.0
534738,31.0,12705.41,5.0,2.0
534906,31.0,2747.08,4.0,4.0
535406,31.0,430.0,398.0,300.0
535531,18.0,527.81,25.0,5.0
535817,59.0,11379.79,39.0,4.0
536123,28.0,375.0,88.0,5.0
536201,18.0,1900.27,35.0,1.0
536493,10.0,13.57,778.0,20.0
536603,30.0,11444.38,20.0,10.0
537177,31.0,67.21,1109.0,400.0
537730,50.0,63.45,127.0,50.0
537928,24.0,1050.0,5.0,1.0
538555,33.0,40.0,0.0,20.0
539181,14.0,97.8,0.0,10.0
539460,18.0,3210.0,9.0,4.0
540248,33.0,345.0,3.0,5.0
540446,24.0,152.99,57.0,15.0
541418,31.0,17330.0,2.0,1.0
541970,31.0,17980.0,2.0,2.0
542258,50.0,52798.18,8.0,2.0
542762,67.0,8.44,521.48,300.0
543228,21.0,804.32,192.0,200.0
544191,50.0,59.1,380.0,200.0
544196,21.0,2170.32,24.0,5.0
545922,90.0,38638.88,1.0,1.0
546288,10.0,7.22,0.0,300.0
546549,24.0,1850.0,0.0,2.0
546624,45.0,1332.53,3.87,10.0
546721,10.0,520.2,1.0,1.0
546868,59.0,30653.59,34.0,6.0
547349,123.0,1000.0,16.0,10.0
547840,33.0,422.56,8.0,10.0
548027,28.0,180.9,556.0,100.0
548069,10.0,30.0,102.0,20.0
548417,18.0,12.5,600.0,200.0
548449,18.0,257.2,34.0,30.0
548672,18.0,260.66,221.0,25.0
549517,56.0,838.63,459.0,350.0
549541,28.0,396.71,86.52,100.0
549898,28.0,623.0,14.0,4.0
550345,90.0,33224.57,1.0,50.0
550405,90.0,135.81,1.0,150.0
550413,18.0,189.15,182.0,10.0
551105,17.0,82289.19,1.0,1.0
552124,28.0,23936.18,2.0,2.0
552156,31.0,70.97,26.0,5.0
553759,50.0,2902.17,7.0,7.0
553952,38.0,174.78,119.0,5.0
554653,24.0,8109.4,1.0,1.0
555296,63.0,44.53,1242.0,1000.0
555576,38.0,6.49,580.0,32.0
555970,38.0,125.7,25.0,10.0
556182,33.0,73.99,103.0,50.0
556478,77.0,9740.28,12.0,4.0
556684,21.0,714.87,10.0,2.0
557651,17.0,2500.0,9.0,5.0
558570,50.0,14568.03,4.0,4.0
558694,10.0,2.2,3300.0,100.0
558965,17.0,170.0,0.0,60.0
559385,17.0,628.43,15.0,20.0
560407,10.0,1.16,3750.0,1300.0
560468,50.0,16.61,108.0,100.0
560508,17.0,29.57,383.0,100.0
560996,38.0,14.24,140.0,50.0
561043,38.0,58850.96,2.0,2.0
561418,50.0,3592.96,2.0,5.0
561712,45.0,124049.52,1.0,1.0
561742,18.0,150.0,64.0,15.0
562258,65.0,7197.44,3.0,2.0
562623,13.0,58.22,24.0,2.0
563128,21.0,9000.0,0.0,2.0
563536,31.0,1167.13,0.0,15.0
563624,45.0,69838.96,6.0,3.0
563763,31.0,283.17,503.0,200.0
563783,50.0,31059.43,2.0,2.0
564157,13.0,512.5,2.0,3.0
564453,24.0,909.38,13.0,15.0
564906,10.0,50.76,22.0,20.0
565197,10.0,782.62,0.85,2.0
565904,1.0,8789.89,4.0,2.0
566378,24.0,1039.5,1.0,2.0
566922,48.0,1371.57,11.0,2.0
567028,38.0,27.8,197.0,2.0
567839,38.0,6173.15,0.0,5.0
568561,31.0,1225.0,5.0,3.0
569129,31.0,278.74,355.0,200.0
569725,33.0,1096.76,19.775,4.0
569898,18.0,1100.0,6.0,10.0
570143,31.0,19708.8,6.0,1.0
570385,24.0,105.16,24.0,6.0
570480,50.0,27749.29,23.0,12.0
570623,31.0,1093.14,186.0,10.0
570804,4.0,56893.69,2.0,2.0
571711,10.0,3.79,575.0,200.0
572569,18.0,1255.0,3.0,1.0
572737,14.0,85.0,0.0,100.0
573183,28.0,3.96,16.0,10.0
573512,50.0,16105.48,0.0,2.0
573844,52.0,320219.73,4.0,1.0
575067,50.0,68.67,18.0,10.0
575179,48.0,231.92,85.0,10.0
575354,67.0,28.86,155.0,100.0
576930,14.0,2225.59,2.0,10.0
577224,45.0,34315.22,2.0,2.0
577566,38.0,310.22,325.0,300.0
577867,67.0,7.94,843.81,200.0
578004,1.0,4674.74,11.0,8.0
578101,50.0,54093.1,8.0,5.0
578509,38.0,6514.49,27.0,10.0
578735,17.0,935.0,12.0,2.0
578981,67.0,241233.47,0.0,8.0
579113,67.0,2428.06,43.0,10.0
579763,18.0,4.02,122.0,50.0
580317,23.0,145.16,23.0,5.0
580796,18.0,1479.96,27.0,10.0
580885,10.0,1712.54,14.941,10.0
580955,33.0,29.47,877.0,500.0
580965,60.0,58.36,256.0,200.0
582016,10.0,114.87,30.0,4.0
582090,8.0,4368.97,25.0,4.0
582310,13.0,3.5,126.0,100.0
582480,10.0,6.25,384.0,450.0
582817,33.0,390.0,29.0,6.0
582968,50.0,28.49,57.0,36.0
582969,77.0,17451.16,2.0,4.0
583097,17.0,5191.41,2.0,2.0
583761,42.0,6684.39,0.0,10.0
584020,67.0,10.31,860.3,300.0
584200,48.0,210.0,19.0,10.0
585628,48.0,448.0,25.0,25.0
585877,18.0,452.8,23.0,4.0
586339,10.0,43.18,37.0,10.0
586642,33.0,321.95,4.0,4.0
586814,67.0,10.68,1097.96,300.0
586825,31.0,38611.76,3.0,1.0
587295,18.0,360.0,23.0,10.0
587531,24.0,840.0,0.0,5.0
587966,31.0,2281.66,9.0,1.0
588085,17.0,3825.0,7.0,1.0
588246,18.0,160.4,152.0,50.0
588289,77.0,1566.62,40.0,20.0
588439,31.0,15958.0,2.0,1.0
588745,17.0,135.0,72.0,15.0
589441,38.0,55.39,6.0,10.0
589498,38.0,22363.25,7.0,5.0
589880,38.0,224.33,0.0,10.0
590403,31.0,5168.62,1.0,1.0
590562,8.0,3363.99,16.0,6.0
590637,67.0,264.92,4.0,5.0
590902,28.0,41500.0,2.0,2.0
591317,77.0,12280.28,0.0,2.0
591431,18.0,366.95,44.0,10.0
592321,33.0,674.65,0.0,5.0
593077,10.0,458.29,7.0,2.0
593286,31.0,37.0,81.0,100.0
593535,20.0,700.4,41.0,30.0
593979,33.0,63.0,6.0,4.0
594371,38.0,44785.69,4.0,3.0
594520,50.0,2177.89,1.0,25.0
595121,33.0,1470.0,23.0,10.0
595336,48.0,67.15,363.0,150.0
595936,10.0,3902.67,21.0,10.0
596440,67.0,10.85,720.663,300.0
596479,18.0,950.0,4.0,2.0
596791,31.0,3494.37,19.0,3.0
597401,50.0,182869.18,2.0,1.0
597570,28.0,9.95,717.0,100.0
597628,31.0,5554.8,12.0,1.0
597904,67.0,1.36,573.0,5.0
598004,33.0,668.28,34.0,40.0
598261,93.0,42.74,32.0,30.0
598425,35.0,3167.24,23.474,4.0
598680,28.0,75.99,40.0,25.0
598910,67.0,125.75,148.0,100.0
599079,38.0,11576.08,2.0,4.0
599845,48.0,350.0,9.0,1.0
599960,33.0,204.0,15.0,15.0
600551,18.0,898.83,11.0,1.0
600646,77.0,374684.93,0.0,4.0
600737,18.0,933.83,6.0,30.0
600895,21.0,72.97,479.0,200.0
601022,33.0,349.52,4.0,2.0
602331,23.0,60.0,0.0,5.0
602596,38.0,25885.53,0.0,30.0
602706,8.0,4848.97,20.0,20.0
603872,23.0,415.05,4.0,1.0
603999,45.0,11627.64,2.0,3.0
604049,38.0,251.83,1219.576,130.0
605020,38.0,107.06,33.0,50.0
605726,48.0,3014.27,25.0,15.0
606042,17.0,530.0,6.0,3.0
606070,57.0,290.25,27.0,20.0
606298,18.0,426.55,1000.254,300.0
606409,24.0,924.0,2.0,2.0
607203,10.0,2278.99,4.3,2.0
607460,23.0,950.0,14.0,10.0
608086,10.0,1420.0,18.0,10.0
608654,31.0,794.34,34.0,10.0
608850,10.0,500.0,1.0,1.0
609008,67.0,7.75,883.86,300.0
609568,50.0,6269.37,9.0,2.0
609864,38.0,8380.0,4.0,2.0
609933,21.0,1.99,148.0,100.0
610041,35.0,12290.8,5.0,15.0
610257,31.0,2744.22,10.0,2.0
610422,50.0,101696.54,2.0,1.0
610587,18.0,370.0,0.0,2.0
611002,33.0,729.0,4.0,2.0
611011,17.0,2275.0,0.0,4.0
611281,18.0,573.88,16.0,5.0
611928,21.0,2261.72,9.0,10.0
612016,10.0,1.24,500.0,200.0
612415,77.0,62243.13,0.0,2.0
612674,50.0,2064.6,25.0,10.0
614413,14.0,217.27,96.0,50.0
614946,10.0,274.5,86.0,5.0
615053,45.0,35893.35,25.0,25.0
615094,60.0,5872.12,2.0,2.0
615365,50.0,59.15,17.0,10.0
615526,60.0,347.3,92.0,50.0
615934,10.0,722.37,2.0,2.0
616123,24.0,2079.0,4.0,1.0
616137,77.0,66462.39,0.0,2.0
616471,18.0,166.96,152.0,50.0
617756,120.0,1893.19,45.0,90.0
617982,31.0,558.9,10.0,1.0
618000,18.0,17.87,38.0,25.0
618270,28.0,1117.05,4.0,2.0
618700,21.0,490.0,4.0,5.0
619095,10.0,6.08,67.0,5.0
619134,18.0,113.8,213.0,10.0
619346,50.0,5355.37,5.0,5.0
619441,38.0,22.54,291.0,200.0
619689,28.0,1646.0,232.535,300.0
619900,56.0,6671.7,4.0,2.0
619942,24.0,5609.44,3.0,2.0
620082,35.0,1581.25,2.0,2.0
620628,33.0,3573.31,2.59,7.0
621819,33.0,350.0,0.0,2.0
622163,10.0,130.0,0.0,5.0
622176,77.0,1440.12,3.0,2.0
624214,50.0,189.54,16.0,40.0
624237,38.0,156.2,353.5,200.0
624458,10.0,2.5,74.0,10.0
624747,67.0,1040.13,8.0,2.0
624823,18.0,757.5,5.0,1.0
625089,18.0,705.72,63.0,10.0
625454,77.0,111319.79,9.0,2.0
625872,38.0,44471.71,0.0,5.0
625873,45.0,28893.13,0.0,10.0
626064,18.0,236.25,219.0,100.0
626145,8.0,16983.65,20.0,10.0
626198,31.0,65331.72,2.0,1.0
626533,15.0,1000.0,6.0,4.0
626791,48.0,3355.0,4.0,1.0
626846,31.0,7099.44,2.0,2.0
626885,50.0,7758.98,42.21,30.0
627086,1.0,15018.07,0.0,2.0
627612,31.0,22209.69,5.0,3.0
627681,38.0,642.88,15.0,10.0
627779,21.0,1050.0,1.0,1.0
627851,38.0,1972.97,16.0,10.0
627979,1.0,10691.96,0.0,2.0
628971,368.0,2414.04,54.0,50.0
629166,1.0,15689.94,3.0,4.0
629664,38.0,5471.54,5.0,5.0
629806,31.0,13315.44,1.0,1.0
629921,10.0,27.95,910.0,50.0
629997,31.0,2600.0,1.0,1.0
630420,21.0,50.0,49.0,50.0
631276,24.0,2413.38,5.0,1.0
631459,17.0,70.0,6.0,10.0
632557,18.0,57.1,86.0,10.0
632732,33.0,629.33,8.79,10.0
633031,50.0,95.28,13380.0,1500.0
633456,90.0,1697.0,1.0,50.0
633766,17.0,17574.5,6.0,2.0
633928,67.0,661.55,0.0,100.0
635150,40.5,2724.9150000000004,1882.0,301.5
636493,17.0,2629.92,7.57,1.0
636904,50.0,94.63,13379.0,1500.0
637250,93.0,413.0,14.0,2.0
637401,18.0,3511.66,1.0,1.0
637459,18.0,95.0,50.0,5.0
637958,38.0,745.36,28.0,25.0
638149,77.0,2291.24,0.0,10.0
638754,18.0,144.88,40.0,5.0
638952,24.0,153.08,61.0,15.0
639153,24.0,877.11,28.0,5.0
639187,10.0,2.39,970.0,200.0
639440,31.0,1037.94,7.0,3.0
639759,33.0,184.0,30.0,5.0
640480,20.0,676.16,0.0,300.0
641117,1.0,360181.75,0.0,1.0
641613,31.0,5713.67,14.0,3.0
642207,43.0,869.6,92.0,30.0
642311,18.0,144.22,26.0,10.0
642326,38.0,7119.22,101.0,150.0
642467,33.0,244.0,0.0,30.0
642528,63.0,3481.53,4.0,1.0
642787,18.0,40.0,256.0,100.0
643483,48.0,420.88,5.0,1.0
643739,24.0,75.04,18.0,20.0
644617,28.0,16.85,749.0,100.0
645014,77.0,960.06,0.0,30.0
645383,35.0,67211.83,4.0,2.0
646411,10.0,6.26,1350.0,500.0
646437,31.0,8749.99,31.0,2.0
646442,17.0,5.45,304.0,100.0
646494,30.0,119.02,1470.0,100.0
647016,38.0,80.93,77.0,24.0
647440,10.0,10.05,815.0,50.0
647888,1.0,12657.94,0.0,2.0
648056,18.0,670.95,2.0,2.0
648177,13.0,1.32,1544.0,2000.0
649461,17.0,849.61,20.0,6.0
649787,8.0,3695.77,0.0,3.0
650015,10.0,8.97,670.0,150.0
650046,1.0,5271.5,2.0,4.0
650251,28.0,158.82,39.0,10.0
650608,28.0,2300.68,2.0,5.0
650851,10.0,30.83,50.0,30.0
650866,183.0,550.0,24.0,30.0
651049,50.0,561.74,23.0,50.0
651211,33.0,16.5,99.0,50.0
651428,1.0,1910.06,59.0,40.0
651678,10.0,5.92,270.0,20.0
652024,38.0,5348.35,131.0,50.0
652058,63.0,11168.45,4.0,2.0
652133,50.0,699.54,4.0,30.0
652879,24.0,1802.24,0.0,2.0
652947,38.0,68.0,278.0,30.0
653021,28.0,16023.69,25.0,50.0
653272,10.0,23.77,40.0,25.0
653584,17.0,300.0,6.0,2.0
653885,45.0,4250.49,0.0,1.0
654070,33.0,181.1,17.0,4.0
654325,38.0,81.88,80.0,30.0
654571,24.0,65.0,14.0,8.0
654886,28.0,1986.38,4.0,4.0
655012,24.0,0.2,8942.0,1000.0
655455,28.0,146671.38,2.0,2.0
655670,25.0,6149.24,0.0,4.0
655927,50.0,823.51,0.0,30.0
656178,10.0,1.15,17141.0,1000.0
656251,33.0,25.91,20.0,2.0
656728,33.0,661.92,2.0,1.0
656842,77.0,63035.43,1.0,1.0
656902,31.0,6265.0,5.0,2.0
657393,24.0,7.78,500.0,500.0
657779,31.0,82.49,426.0,300.0
658616,10.0,8.19,3205.0,1000.0
658634,38.0,50693.13,3.0,2.0
658738,28.0,400.0,8.0,2.0
659320,18.0,2250.0,6.0,2.0
659861,31.0,200.0,8.0,30.0
660179,35.0,138.74,19.0,12.0
660354,1.0,12019.41,10.0,15.0
660368,33.0,377.85,38.0,10.0
660684,33.0,25.0,454.0,100.0
660866,31.0,40.03,155.0,150.0
661014,18.0,0.25,10625.0,50.0
661039,1.0,46910.23,0.0,1.0
662285,10.0,42.57,36.0,10.0
662396,65.0,12400.63,2.0,2.0
663115,18.0,61.57,9.0,5.0
663218,30.0,8.64,214.0,50.0
663559,50.0,16036.76,90.0,60.0
663810,11.0,365.01,24.0,100.0
664896,38.0,21420.72,26.0,20.0
665110,59.0,53984.98,14.0,4.0
665341,10.0,21.13,591.0,200.0
665381,10.0,362.5,5.0,1.0
665452,50.0,51666.31,10.0,3.0
665712,24.0,2180.52,20.0,20.0
665764,31.0,54490.0,0.0,1.0
665810,10.0,781.27,314.0,50.0
666132,18.0,92.36,24.0,12.0
666479,33.0,773.89,60.0,25.0
666748,21.0,20724.55,3.0,10.0
666934,17.0,2425.0,1.0,2.0
667062,28.0,1034.15,3.0,1.0
667078,24.0,282.0,13.0,10.0
668345,21.0,65.0,67.0,25.0
668399,38.0,9012.08,113.0,50.0
668449,59.0,74716.0,0.0,2.0
668586,17.0,260.0,38.0,20.0
668658,38.0,251.7,37.0,10.0
668673,1.0,12153.29,5.0,5.0
669029,38.0,2261.51,36.0,10.0
669033,10.0,7.47,134.0,25.0
669641,77.0,717.52,55.0,75.0
669796,38.0,72678.2,2.0,1.0
670358,24.0,17795.51,4.0,2.0
670581,63.0,15774.3,2.0,1.0
670801,50.0,24929.96,12.33,5.2
670888,33.0,938.89,3.0,2.0
670929,4.0,69971.66,0.0,2.0
670969,33.0,86.48,6.0,2.0
672292,10.0,24.5,29.0,15.0
672746,35.0,7188.73,150.654,24.0
673244,50.0,3659.16,1.0,2.0
673854,5.0,304.6,0.0,15.0
674217,14.0,367.13,65.0,25.0
674275,28.0,3406.61,75.0,5.0
674450,63.0,5944.33,2.0,1.0
674974,48.0,1969.18,28.0,6.0
675251,50.0,188.37,1317.0,5000.0
675480,14.0,1901.54,11.0,20.0
675546,10.0,8.61,520.0,100.0
675638,10.0,10.88,734.0,100.0
675739,21.0,9919.0,4.0,2.0
675885,24.0,2656.5,6.0,1.0
676060,24.0,8648.04,8.0,1.0
676429,10.0,1.25,1081.0,200.0
676651,24.0,594.75,18.0,1.0
676732,50.0,202.83,4.0,5.0
676826,40.0,4.0,111.0,40.0
676934,33.0,105.0,73.0,20.0
677058,33.0,5.0,78.0,1000.0
677450,11.0,2619.47,106.0,100.0
677952,31.0,6600.56,36.0,1.0
677957,10.0,0.63,0.0,500.0
678027,33.0,3436.79,1.0,1.0
678123,1.0,13328.12,0.0,1.0
678393,50.0,1231.12,71.0,15.0
678499,31.0,305.0,37.0,30.0
679551,31.0,386.34,172.0,75.0
679657,20.0,56.15,182.0,400.0
679987,13.0,448.0,4.0,2.0
679992,67.0,8.29,307.0,100.0
680503,10.0,476.98,75.0,16.0
680899,31.0,19697.56,3.0,2.0
681222,48.0,435.93,57.0,200.0
681435,28.0,230.04,4.0,3.0
681959,10.0,120.8,71.0,20.0
681969,45.0,2889.14,0.0,60.0
681983,10.0,0.4,0.0,1500.0
683124,33.0,31.96,117.0,100.0
684023,50.0,3910.95,2.0,2.0
685310,38.0,12125.97,16.0,16.0
685339,28.0,115.39,22.0,15.0
685576,24.0,383.66,199.0,100.0
685613,31.0,750.0,2.0,1.0
686221,17.0,8.88,100.0,100.0
686770,18.0,930.0,8.0,1.0
687056,8.0,8562.15,2.0,6.0
687288,38.0,69.99,110.0,50.0
687389,17.0,23.0,0.0,7.0
687526,33.0,135.0,59.0,5.0
687856,28.0,202.22,114.0,80.0
688641,33.0,1111.34,48.0,5.0
690288,1.0,4441.21,20.0,10.0
690395,33.0,90.75,230.0,100.0
691044,21.0,3983.52,4.0,4.0
692411,50.0,366.72,10.0,10.0
692850,30.0,1607.7,10.0,30.0
693170,19.0,845.33,37.0,6.0
693552,18.0,164.0,12.0,10.0
694577,75.0,110141.3,0.0,4.0
696897,17.0,10475.0,0.0,2.0
696920,10.0,228.0,0.0,3.0
697321,40.0,8354.07,4.0,5.0
697378,33.0,1513.0,2.0,1.0
697854,33.0,60.0,66.0,8.0
698768,7.0,412.01,41.0,60.0
699115,31.0,8703.33,20.0,5.0
699450,51.0,122452.0,0.0,4.0
699472,24.0,91.96,14.0,6.0
699950,10.0,803.09,2.0,130.0
700545,50.0,33224.54,2.0,1.0
700808,38.0,2363.41,3.0,1.0
700938,10.0,1397.16,4.73,1.0
701649,24.0,1039.5,11.0,3.0
701776,32.0,2924.11,2.0,2.0
702013,24.0,128.32,40.6,25.0
702078,24.0,75.0,7.0,2.0
703246,1.0,10905.07,1.0,2.0
703721,38.0,283.6,26.0,20.0
704184,31.0,10681.42,5.0,5.0
704276,50.0,493.23,358.0,60.0
705378,23.0,21.21,77.0,20.0
706634,18.0,637.5,16.0,3.0
706986,33.0,345.4,30.0,30.0
707009,7.0,2172.66,16.0,10.0
707370,50.0,189.62,913.0,6000.0
707832,1.0,373.46,3.0,5.0
708572,1.0,21152.02,14.0,15.0
709340,43.0,6895.03,14.0,5.0
709634,31.0,9975.63,121.0,6.0
709662,33.0,285.75,148.0,200.0
709720,17.0,0.9,148.0,50.0
709863,67.0,9.07,397.95,300.0
710714,77.0,176.44,17.0,10.0
711281,33.0,205.9,88.0,80.0
711377,18.0,419.52,0.0,2.0
711584,28.0,1512.0,0.0,20.0
711731,10.0,1195.96,45.0,2.0
712123,33.0,46.0,357.0,125.0
712352,10.0,13.0,373.0,10.0
712451,18.0,700.0,15.0,5.0
712566,13.0,1523.61,38.0,15.0
712729,50.0,183.14,0.0,20.0
713299,31.0,1300.0,5.0,1.0
713425,38.0,192.73,205.0,200.0
713451,38.0,84.04,210.0,100.0
713707,17.0,300.0,2.0,2.0
714165,21.0,1.0,80.0,20.0
714374,24.0,50.12,147.0,50.0
714843,18.0,45.29,91.0,5.0
714928,1.0,5788.31,0.0,2.0
714978,93.0,223.64,26.0,4.0
715430,17.0,4710.03,16.0,5.0
715536,17.0,3483.33,6.0,2.0
715745,50.0,17305.99,6.0,6.0
715837,57.0,170.0,23.0,20.0
716182,23.0,1097.26,4.0,2.0
717052,21.0,2847.82,23.0,10.0
717360,10.0,44.43,28.0,10.0
717420,59.0,38851.21,29.0,4.0
717815,24.0,3579.24,19.0,15.0
717854,38.0,16803.14,5.0,15.0
718829,24.0,7570.0,13.0,1.0
719043,31.0,1798.12,14.0,2.0
719202,10.0,4.99,102.0,30.0
719633,46.0,463.5,9.0,10.0
719687,18.0,2326.76,7.0,2.0
719851,31.0,26711.45,5.0,1.0
720233,21.0,3.8,1759.0,250.0
720585,10.0,13.76,11.0,5.0
720874,17.0,1714.1,19.0,5.0
722088,183.0,400.0,24.0,30.0
723019,17.0,132.0,9.0,4.0
723277,87.0,400.54,242.0,800.0
723483,21.0,17396.04,15.0,15.0
723939,24.0,401.0,24.0,10.0
723940,50.0,41897.91,7.0,10.0
725812,33.0,158.1,6.0,8.0
726336,10.0,26.82,147.0,10.0
726393,35.0,2427.86,67.815,150.0
726533,77.0,10902.56,0.0,6.0
726773,28.0,47.72,72.0,20.0
726791,17.0,38.16,2214.56,500.0
726900,18.0,563.26,20.0,2.0
727084,21.0,6.35,14.0,10.0
727562,22.0,3734.09,18.0,20.0
727811,77.0,7951.12,4.0,2.0
727864,56.0,837.0,4.0,2.0
728145,18.0,475.0,1.0,1.0
728897,60.0,104.85,64.0,6.0
729199,33.0,34.15,272.0,200.0
729274,33.0,44.96,17.0,4.0
729485,17.0,3433.4,7.0,10.0
729576,50.0,2848.42,3.0,3.0
729605,47.0,273.0,20.0,240.0
729666,28.0,90.0,130.0,30.0
730329,18.0,465.5,3.0,2.0
730349,33.0,150.0,136.0,50.0
730907,17.0,12.15,62.0,20.0
731993,33.0,7344.22,10.0,2.0
732485,24.0,840.0,4.0,2.0
733122,63.0,2782.85,4.0,2.0
733691,33.0,3721.15,0.0,2.0
734280,38.0,10740.14,5.0,2.0
734608,28.0,2881.6,2.0,1.0
734644,24.0,245.13,4.0,4.0
734700,28.0,1460.19,10.0,2.0
735172,67.0,73.59,198.0,200.0
736253,10.0,4515.0,12.0,3.0
736265,25.0,80.99,45.0,4.0
736294,21.0,304.33,50.26,5.0
736750,84.0,36215.0,3.0,1.0
736914,33.0,40.0,15.0,2.0
737712,33.0,45.84,89.0,50.0
738489,24.0,9006.71,0.0,1.0
738496,18.0,329.63,4.0,1.0
739546,1.0,15024.2,1.0,1.0
739553,15.0,1719.26,4.0,2.0
739609,10.0,8.55,510.0,100.0
739639,7.0,45555.16,6.0,10.0
739704,38.0,10.85,221.0,200.0
739899,49.0,5007.01,0.0,1.0
740025,48.0,4212.08,3.0,6.0
740026,7.0,89386.47,0.0,2.0
740297,77.0,160413.36,2.0,3.0
740543,21.0,1381.58,24.0,15.0
740578,50.0,43668.47,6.0,4.0
741010,24.0,2346.15,0.0,8.0
741359,50.0,26084.43,0.0,4.0
741395,33.0,53.87,14.0,4.0
741458,45.0,140.0,244.0,100.0
741648,31.0,12065.0,0.0,1.0
741683,17.0,9334.14,17.0,4.0
741724,22.0,6093.98,32.0,20.0
741798,1.0,45402.51,0.0,1.0
742279,10.0,2400.0,19.0,1.0
742511,93.0,127.43,116.0,100.0
742525,30.0,1880.75,5.0,10.0
742746,38.0,7560.0,0.0,5.0
742768,17.0,14.6,228.0,20.0
743124,17.0,17.46,560.0,50.0
743309,21.0,528.91,4.66,10.0
743332,31.0,1043.79,54.0,5.0
743386,50.0,2353.86,2.0,6.0
743396,10.0,9.0,13.0,20.0
744319,50.0,5897.98,26.0,16.0
745065,67.0,190.49,50.0,200.0
745835,31.0,90.0,133.0,200.0
745943,75.0,110201.0,0.0,4.0
746757,17.0,3359.56,21.0,20.0
746893,50.0,202718.88,1.0,1.0
746963,78.0,80380.66,0.0,10.0
747160,24.0,35.37,349.0,100.0
747300,10.0,10.14,786.0,100.0
747484,48.0,4554.28,2.0,1.0
747858,18.0,1341.78,32.0,2.0
748061,30.0,6474.27,4.0,12.0
748091,21.0,40095.0,0.0,2.0
748907,38.0,354.65,60.0,20.0
748913,38.0,408.21,263.0,100.0
749060,33.0,700.0,4.0,2.0
749193,52.0,29385.37,13.0,2.0
749787,18.0,55.06,39.0,100.0
750489,93.0,63.03,161.0,40.0
751137,38.0,286.32,10.0,12.0
751520,38.0,420.64,46.0,10.0
751645,65.0,16604.56,12.0,2.0
751995,18.0,566.39,44.0,5.0
753200,67.0,28.54,198.0,200.0
753932,18.0,121.12,688.0,500.0
754623,48.0,100.0,98.0,30.0
754869,15.0,111.23,31.0,10.0
755256,17.0,3176.18,2.0,2.0
755400,25.0,3393.57,3.0,2.0
756169,1.0,1860.63,0.0,100.0
756362,33.0,661.78,25.125,30.0
757772,13.0,1047.41,8.0,10.0
757939,38.0,6098.99,4.0,3.0
758013,33.0,1834.99,11.0,1.0
758262,42.0,29943.39,2.0,5.0
758484,28.0,140.94,138.0,100.0
758653,23.0,1687.2,22.0,2.0
758718,17.0,32.0,123.0,20.0
758936,28.0,1622.23,0.0,10.0
759115,10.0,477.5,3.0,2.0
759401,18.0,24.86,296.0,200.0
759566,60.0,252.2,78.0,50.0
759654,48.0,1425.0,2.0,1.0
760582,35.0,3438.86,4.0,4.0
760988,21.0,220.0,13.0,4.0
761110,24.0,4829.5,37.0,1.0
761828,10.0,566.92,271.0,30.0
761872,21.0,5959.55,120.475,30.0
762136,18.0,95.35,71.0,10.0
762309,56.0,5218.88,0.0,10.0
762360,38.0,6182.0,1.0,5.0
762837,58.0,30296.46,0.98,1.0
764236,33.0,2225.0,10.0,1.0
764776,38.0,38816.28,0.0,3.0
765550,67.0,14.15,480.0,400.0
765574,21.0,823.23,432.0,300.0
765624,38.0,1342.65,67.91,60.0
766255,48.0,415.63,117.0,25.0
766369,60.0,1576.47,15.0,10.0
768214,10.0,1453.53,24.517,6.0
768810,93.0,94.71,35.0,50.0
769656,10.0,420.0,13.0,2.0
769797,18.0,754.95,15.0,5.0
770094,28.0,99.88,8.0,3.0
770857,43.0,11238.7,16.0,6.0
771005,31.0,674.81,110.0,10.0
771046,28.0,3800.0,3.0,2.0
771427,18.0,1006.2,36.0,3.0
771499,90.0,24271.37,5.0,1.0
771625,24.0,13700.0,4.0,2.0
771878,10.0,40.0,58.0,20.0
772060,24.0,704.5,3.0,2.0
772204,21.0,956.5,0.0,10.0
772355,33.0,3506.41,14.0,2.0
772644,45.0,230.0,87.0,100.0
773013,10.0,8.1,311.0,20.0
773509,18.0,2473.0,8.19,3.0
773599,18.0,20418.0,0.23,0.2
773778,31.0,62337.22,4.0,2.0
773808,38.0,350.66,83.0,10.0
774534,13.0,1216.94,13.0,3.0
774710,38.0,13837.33,18.0,4.0
774827,7.0,3894.45,3.0,2.0
776528,28.0,3449.39,37.0,8.0
776623,38.0,501.35,49.0,10.0
776864,10.0,1063.86,0.0,200.0
777125,38.0,25.53,80.0,50.0
777510,21.0,20037.46,12.0,2.0
777511,50.0,528.89,2.0,4.0
777596,38.0,4877.94,5.0,3.0
778278,94.0,959.66,151.0,100.0
778290,38.0,5443.37,1.0,5.0
779416,38.0,27.89,90.0,50.0
779438,18.0,120.86,1585.0,500.0
779738,25.0,96.81,30.0,24.0
779918,18.0,6.4,308.0,50.0
780440,1.0,21004.52,0.0,2.0
780543,24.0,10503.97,16.935,15.0
780805,33.0,204.06,7.0,20.0
781038,50.0,5500.42,4.0,5.0
782034,77.0,1686.73,0.0,3.0
782076,38.0,938.16,28.0,20.0
782183,28.0,16504.66,10.0,50.0
782808,21.0,400.0,0.0,10.0
783227,50.0,3428.62,16.0,10.0
783503,13.0,380.0,1.0,1.0
784795,14.0,783.18,12.0,5.0
785515,21.0,9761.0,0.0,1.0
785671,93.0,35.0,480.2,150.0
785732,1.0,2566.41,11.0,50.0
786201,38.0,2097.72,295.58,100.0
786517,24.0,2932.49,16.0,20.0
786553,18.0,310.0,24.0,1.0
786721,18.0,144.07,10.0,5.0
787683,50.0,180471.84,5.0,3.0
788080,31.0,1393.3,6.0,1.0
788837,18.0,9892.0,1.0,1.0
788902,33.0,350.0,13.0,4.0
789645,10.0,751.62,17.0,2.0
789912,56.0,92.73,1728.0,100.0
789959,14.0,2921.64,17.0,25.0
790039,24.0,102.41,146.0,50.0
790444,45.0,1377.98,28.0,30.0
790659,38.0,15722.25,28.0,5.0
791667,11.0,4185.17,10.0,25.0
795092,33.0,12.0,287.0,100.0
795481,33.0,68.75,130.0,30.0
795821,18.0,1131.85,17.0,12.0
796190,17.0,1.2,0.0,100.0
796252,18.0,15.0,371.0,50.0
796568,14.0,800.0,4.0,2.0
797096,38.0,6497.16,40.0,3.0
797702,31.0,2076.6,16.0,8.0
797851,28.0,38.15,55.0,8.0
798017,31.0,29.67,883.0,250.0
798266,33.0,293.0,26.0,15.0
799671,10.0,120.58,3.0,2.0
800454,10.0,8.63,35.0,10.0
801387,33.0,464.61,37.0,15.0
801625,33.0,447.85,14.0,10.0
801736,60.0,248.63,38.0,50.0
802843,21.0,108.96,99.0,50.0
802920,18.0,235.82,0.0,4000.0
803428,50.0,159540.7,2.0,1.0
803829,90.0,176.3,109.0,100.0
803872,45.0,166149.41,4.0,1.0
804252,31.0,190.01,4.0,1.0
804434,18.0,153.75,10.0,10.0
805245,31.0,137.13,53.0,25.0
805558,17.0,250.0,4.0,2.0
805576,28.0,123.16,199.0,100.0
806686,31.0,115.0,23.0,3.0
807239,77.0,5957.42,12.0,8.0
808724,56.0,28.64,7259.0,1600.0
808813,48.0,2519.03,18.0,6.0
809246,33.0,120.0,159.0,20.0
809532,38.0,110558.14,3.0,1.0
809664,43.0,369.97,20.0,50.0
810445,13.0,0.68,0.0,3000.0
810550,28.0,1126.17,26.0,10.0
810774,23.0,94.99,67.0,20.0
810897,56.0,37.34,3583.0,1200.0
811187,31.0,850.0,67.316,10.0
811214,67.0,19251.49,1.0,1.0
811216,35.0,14269.35,134.645,24.0
811904,24.0,138.67,12.0,4.0
812387,17.0,12986.0,0.0,3.0
813245,90.0,1071.63,78.0,10.0
814063,28.0,1606.31,7.0,5.0
814474,38.0,81683.88,5.0,3.0
814797,17.0,88.92,10.0,2.0
814873,63.0,14762.76,2.0,1.0
815232,28.0,2292.55,25.0,20.0
815332,38.0,196.74,32.0,25.0
815980,35.0,850.0,4.0,2.0
815988,38.0,99.06,40.0,30.0
816129,24.0,853.78,8.0,10.0
816187,33.0,40.0,117.0,50.0
816614,50.0,6.42,12.0,10.0
816931,24.0,444.71,12.0,4.0
817193,50.0,10067.99,3.0,3.0
817525,77.0,12393.07,0.0,2.0
817601,1.0,4961.22,7.0,5.0
817915,50.0,11077.74,8.152,25.0
817949,10.0,44.57,143.0,20.0
818002,77.0,137352.27,0.0,2.0
818183,21.0,5567.0,8.0,2.0
818393,33.0,5268.15,34.81,15.0
818582,49.0,22163.89,0.0,50.0
818674,10.0,6.65,454.0,100.0
818759,10.0,1.84,686.0,200.0
818970,10.0,14.47,60.0,20.0
819369,10.0,79.5,17.0,10.0
819918,17.0,2525.19,18.0,10.0
820139,52.0,235.75,212.0,200.0
820366,50.0,5454.97,41.07,50.0
821200,35.0,1565.35,129.294,24.0
821471,1.0,8193.84,4.0,5.0
821559,93.0,46.44,41.0,20.0
821866,31.0,26630.48,23.0,4.0
822610,33.0,34.17,15.0,4.0
822784,31.0,18.9,23.0,10.0
823262,31.0,593.18,53.0,1.0
823476,21.0,20.0,89.0,50.0
823485,67.0,16764.21,0.0,15.0
823955,31.0,6398.79,1.0,4.0
824101,65.0,19662.92,9.0,5.0
824182,18.0,52.47,774.0,100.0
824340,60.0,1187.08,49.0,90.0
825210,24.0,145.0,41.0,15.0
825802,13.0,0.52,0.0,500.0
826398,38.0,178.21,9.0,15.0
826499,1.0,492.35,29.0,25.0
826593,45.0,175011.6,1.0,1.0
826612,38.0,2953.45,2.0,2.0
826877,25.0,3393.57,3.0,2.0
827279,67.0,9252.39,4.0,5.0
828453,31.0,1159.29,6.0,1.0
828501,33.0,158.83,20.0,20.0
828539,51.0,11701.2,2.0,4.0
828684,50.0,3605.18,11.0,10.0
829738,77.0,1238.99,2.0,2.0
830567,63.0,2549.98,1.0,5.0
830858,24.0,101.79,58.0,20.0
831673,38.0,52.74,107.0,10.0
832181,18.0,769.0,6.0,5.0
832653,7.0,2726.12,6.0,4.0
833352,18.0,233.05,9.0,50.0
833844,31.0,345.0,8.0,10.0
834917,38.0,3344.68,18.0,30.0
835057,59.0,16806.52,30.0,2.0
835547,1.0,4874.64,1.0,5.0
836130,24.0,3.41,1600.0,500.0
836172,38.0,43676.91,4.0,2.0
837204,21.0,416.41,8.0,4.0
837476,50.0,77967.01,6.0,3.0
838235,8.0,9002.69,15.0,10.0
838339,10.0,2.88,236.0,100.0
838571,45.0,786.0,0.0,90.0
838661,31.0,8001.25,7.0,2.0
839365,33.0,1326.0,7.0,2.0
839533,31.0,27750.98,12.0,1.0
839610,10.0,6.94,205.0,50.0
841136,33.0,139.96,14.0,5.0
841814,18.0,380.03,12.0,2.0
841849,43.0,6359.93,20.0,6.0
841878,24.0,7.0,87.0,50.0
843136,18.0,745.2,24.0,1.0
843269,1.0,835.0,6.0,4.0
844086,33.0,6375.0,8.0,2.0
844593,18.0,460.0,10.0,10.0
845613,77.0,3076.27,7.0,2.0
845762,31.0,490.87,123.0,50.0
845850,8.0,5871.69,39.0,40.0
846021,18.0,120.0,35.0,10.0
846514,45.0,132734.78,0.0,1.0
846769,38.0,50841.4,2.0,3.0
846978,38.0,29.32,21.0,4.0
847266,28.0,800.0,0.0,20.0
847707,31.0,2090.0,12.0,3.0
848109,23.0,101.61,73.8,100.0
848525,1.0,8855.71,0.0,1.0
848932,18.0,1550.0,23.0,2.0
849022,67.0,9.2,330.0,300.0
849201,50.0,4163.17,18.0,3.0
849546,17.0,463.38,20.0,25.0
850381,18.0,980.0,19.0,10.0
850714,33.0,20844.0,8.0,2.0
851431,77.0,11172.62,0.0,10.0
851481,17.0,6057.07,0.0,4.0
851562,33.0,399.73,48.0,10.0
851984,17.0,107.6,17.0,4.0
852029,50.0,14470.11,1.0,3.0
852406,67.0,22.39,57.0,50.0
853642,48.0,318.65,50.0,20.0
853680,90.0,36263.04,0.0,1.0
854070,31.0,1120.3,3.0,15.0
854583,10.0,8.46,177.0,25.0
854587,48.0,600.0,4.0,1.0
855317,18.0,1190.45,17.0,5.0
855523,38.0,27.84,88.0,50.0
855978,38.0,53.77,28.0,10.0
856007,48.0,670.0,28.0,5.0
856048,45.0,1955.87,228.0,50.0
856116,11.0,8466.68,0.0,1.0
856314,18.0,181.09,11.0,10.0
857757,105.0,18415.55,13.0,5.0
858130,1.0,22083.04,0.0,1.0
858640,31.0,328.0,2.0,1.0
858968,21.0,793.08,60.628,40.0
859883,50.0,2125.06,49.0,30.0
860676,24.0,392.15,28.0,50.0
861767,38.0,2142.04,0.0,15.0
862051,38.0,27.61,2.0,5.0
862086,23.0,6213.0,3.0,2.0
862280,28.0,803.51,66.34,60.0
862444,77.0,7278.06,3.0,10.0
862685,67.0,17.0,298.0,100.0
863274,48.0,524.27,5.0,1.0
863338,31.0,8412.0,1.0,1.0
863565,28.0,875.93,32.0,50.0
864068,21.0,17403.33,15.0,15.0
864121,21.0,562.17,7.0,2.0
864589,24.0,1492.5,3.0,2.0
864784,38.0,12267.7,14.0,10.0
864934,19.0,1824.24,2.0,5.0
864991,8.0,5322.73,0.0,3.0
865465,10.0,46.64,379.0,20.0
865567,33.0,255.0,10.0,20.0
866340,50.0,94252.71,0.0,2.0
866523,17.0,2148.08,8.0,10.0
867056,31.0,14488.1,17.0,3.0
868197,50.0,9169.37,0.0,5.0
868739,24.0,136.13,28.0,30.0
869171,21.0,158.11,22.0,8.0
869425,18.0,144.16,44.0,5.0
869643,38.0,95.59,22.0,10.0
869701,33.0,285.77,300.0,200.0
870201,33.0,115.0,100.0,700.0
870580,38.0,31562.7,7.0,5.0
871374,1.0,4912.05,5.0,5.0
871749,33.0,1770.0,7.0,8.0
871956,18.0,203.0,7.0,2.0
872205,18.0,950.0,15.0,3.0
872231,33.0,1420.0,15.0,10.0
872645,18.0,500.0,3.0,1.0
872835,13.0,48.0,10.0,5.0
872961,93.0,626.15,20.0,20.0
873732,38.0,402.86,38.0,20.0
875167,31.0,110.0,705.0,350.0
875414,18.0,92.03,130.0,10.0
876159,87.0,89.65,48.0,50.0
876630,24.0,1655.72,4.0,2.0
876916,65.0,53105.28,4.0,1.0
877077,33.0,1513.0,2.0,1.0
877105,24.0,150.0,30.0,20.0
877524,10.0,8.92,35.0,50.0
878519,48.0,200.0,2.0,10.0
878635,60.0,343.95,31.0,20.0
878979,18.0,604.44,4.0,3.0
879339,23.0,45.0,100.0,25.0
879871,33.0,200.0,3.0,2.0
879927,90.0,18691.98,0.0,5.0
881086,18.0,103.87,25.0,10.0
881307,50.0,2477.39,3.0,3.0
881481,45.0,8012.09,5.0,3.0
881680,17.0,98.0,61.0,20.0
881805,18.0,1820.0,3.0,1.0
882326,33.0,2900.0,7.0,4.0
882385,24.0,45.0,141.0,100.0
882402,28.0,389.22,50.0,50.0
882561,10.0,400.0,4.0,1.0
882692,38.0,138.22,29.0,30.0
882978,11.0,1219.99,75.0,400.0
883091,30.0,15.53,608.0,100.0
883150,33.0,105.0,106.0,50.0
883279,28.0,3879.34,6.0,5.0
884518,10.0,35.13,75.0,4.0
884679,10.0,3135.0,31.0,6.0
884702,22.0,2463.29,15.0,3.0
884888,25.0,630.58,12.0,8.0
885282,67.0,110.79,23.0,20.0
885563,33.0,2329.19,7.0,10.0
886014,33.0,1017.8,0.0,50.0
886397,31.0,51.21,586.0,500.0
886457,17.0,3136.29,0.0,15.0
886467,43.0,1347.87,4.0,2.0
886918,18.0,9.9,121.0,20.0
886939,33.0,10.0,105.0,4.0
887744,38.0,258251.09,0.0,1.0
887778,18.0,386.33,10.0,2.0
888698,28.0,3103.15,14.0,2.0
889115,77.0,11151.7,7.0,4.0
889234,33.0,4514.0,8.0,2.0
889612,35.0,18208.96,1.0,5.0
889683,93.0,76.95,31.0,20.0
889892,24.0,594.75,158.0,2.0
890039,14.0,913.13,0.0,3.0
890133,60.0,3813.16,32.945,50.0
890717,67.0,18.58,150.0,100.0
890768,28.0,6350.73,0.0,2.0
890828,24.0,637.18,22.0,5.0
891045,10.0,6.93,888.0,30.0
891646,4.0,101896.63,6.0,10.0
891881,21.0,47.95,31.0,50.0
892206,17.0,570.0,23.0,5.0
892568,31.0,12331.71,3.0,1.0
893203,31.0,8146.29,30.0,3.0
893373,35.0,68846.75,1.0,1.0
893463,21.0,1151.46,19.0,20.0
894227,77.0,4106.12,6.0,8.0
894293,10.0,733.2,2.0,2.0
894567,38.0,27.34,122.0,150.0
895706,33.0,1200.0,13.0,4.0
895784,31.0,11602.54,4.0,1.0
895854,38.0,311.95,5.0,5.0
896656,21.0,2599.14,23.0,6.0
896674,48.0,60.0,47.0,20.0
900112,38.0,3871.71,6.0,10.0
900598,31.0,589.8,19.0,4.0
900642,67.0,11.66,231.293,300.0
901414,31.0,2278.25,1.0,1.0
901433,10.0,0.35,39191.0,1000.0
901474,11.0,450.0,10.0,8.0
902180,55.0,54.0,419.0,150.0
902578,28.0,303.9,36.0,10.0
903080,28.0,151.74,1.0,4.0
903088,28.0,118.87,63.0,10.0
903541,31.0,6537.18,5.0,10.0
903781,50.0,1750.83,2.0,5.0
904135,90.0,18831.14,0.0,5.0
904155,38.0,5301.11,3.0,2.0
904285,33.0,8.0,67.0,20.0
904295,10.0,621.08,1.0,1.0
904707,17.0,8434.51,22.0,30.0
904844,48.0,604.21,24.0,20.0
905650,50.0,2230.84,2.0,5.0
905779,77.0,13401.62,1.0,10.0
905926,18.0,1487.65,52.0,10.0
906371,10.0,169.66,34.0,10.0
906375,33.0,89.38,119.0,50.0
906564,24.0,3369.58,9.0,1.0
906715,38.0,116.83,252.0,4.0
906878,10.0,549.95,25.08,20.0
907158,38.0,35749.52,6.0,5.0
907240,45.0,83.59,8.0,2.0
907979,28.0,1935.63,4.0,2.0
908767,10.0,32.65,51.0,10.0
908778,38.0,18602.07,8.36,6.0
909061,10.0,276.22,280.0,200.0
909344,38.0,800.0,0.0,6.0
909558,10.0,48.81,128.0,70.0
911597,38.0,244.0,59.0,30.0
911856,31.0,150.0,56.0,5.0
911862,59.0,121706.5,6.0,1.0
913192,18.0,358.07,33.0,2.0
913199,24.0,585.44,68.0,30.0
913224,38.0,31647.72,1.0,1.0
913450,31.0,1621.0,2.0,3.0
913552,18.0,479.22,21.0,2.0
913642,10.0,433.33,450.0,150.0
914679,38.0,133.19,588.0,250.0
914719,23.0,914.55,27.0,1.0
914845,38.0,1137.9,9.0,25.0
915242,10.0,784.0,4.0,1.0
915895,18.0,353.19,31.0,5.0
916149,38.0,18901.16,16.0,1.0
916244,33.0,623.68,19.0,10.0
916951,31.0,3161.36,1.0,3.0
916978,18.0,567.12,19.0,4.0
917091,27.0,1266.68,6.0,5.0
917207,70.0,5427.78,21.0,25.0
917429,49.0,37461.82,0.0,10.0
917610,1.0,10532.39,0.0,2.0
917881,15.0,1250.0,16.0,10.0
917960,38.0,34.06,50.0,10.0
918131,50.0,951.87,234.0,100.0
918158,18.0,450.0,4.0,8.0
918196,33.0,246.0,0.0,90.0
918364,24.0,2643.5,2.0,1.0
918462,23.0,1594.8,4.0,1.0
918594,28.0,18.0,271.0,50.0
918628,18.0,247.42,60.0,50.0
918709,52.0,115.26,306.0,500.0
918982,31.0,42119.63,4.0,7.0
920350,56.0,92.57,1750.0,100.0
920537,31.0,1060.91,10.0,10.0
920553,10.0,1381.31,0.0,50.0
920865,45.0,5249.4,0.0,2.0
920944,31.0,5780.0,92.0,2.0
921389,17.0,62.09,286.0,100.0
922214,17.0,2.4,539.0,400.0
922231,48.0,825.0,199.0,100.0
922414,38.0,19613.91,9.0,5.0
923074,24.0,1916.19,71.0,20.0
923822,90.0,253.23,182.0,150.0
924010,31.0,1025.7,7.0,1.0
924100,1.0,77237.47,0.0,2.0
924633,17.0,2908.58,4.0,2.0
924814,18.0,575.27,43.0,3.0
926136,17.0,2760.03,10.0,8.0
926257,10.0,4.31,108.0,10.0
926796,18.0,16.0,126.0,50.0
927332,22.0,209.5,33.0,30.0
927578,18.0,227.36,1.0,2.0
927807,48.0,3640.99,15.0,12.0
927996,7.0,3078.38,7.0,10.0
928038,33.0,1200.0,2.0,1.0
928169,31.0,2000.0,1.0,1.0
928252,10.0,9.06,11.0,20.0
928586,28.0,5547.58,0.0,1.0
929255,31.0,62.88,73.0,500.0
930457,38.0,517.08,26.0,5.0
930751,18.0,496.86,21.0,2.0
931081,24.0,63.0,5.0,3.0
931369,60.0,154.08,613.0,200.0
931426,31.0,18316.69,57.0,12.0
932063,93.0,213.99,20.0,10.0
932973,18.0,256.52,19.0,5.0
933164,45.0,2400.38,56.0,20.0
933409,31.0,973.09,4.0,5.0
933448,10.0,5831.68,11.0,1.0
933840,24.0,47.46,211.5,50.0
934514,10.0,71.25,145.0,30.0
935230,33.0,1028.78,0.0,50.0
935572,50.0,48138.01,8.0,10.0
935866,18.0,532.36,176.0,50.0
936236,11.0,5559.58,5.0,20.0
936323,18.0,2.18,927.0,25.0
936721,38.0,1711.36,11.0,10.0
937032,33.0,1282.91,0.0,50.0
937296,65.0,1159.0,12.0,2.0
937462,21.0,4713.17,4.0,4.0
937540,1.0,879.77,14.0,5.0
937990,67.0,62.15,19.06,50.0
938308,31.0,1269.87,16.0,10.0
938319,18.0,403.33,25.0,2.0
938478,18.0,642.28,91.0,20.0
938628,50.0,6753.1,16.0,20.0
939053,33.0,305.0,3.0,25.0
940011,45.0,12020.21,11.0,4.0
940655,28.0,4106.66,1.0,2.0
941112,28.0,625.0,22.0,2.0
941429,17.0,1.8,125.0,50.0
941480,23.0,710.34,2.0,1.0
941591,17.0,300.0,2.0,1.0
942044,38.0,1634.71,8.0,15.0
942590,77.0,10483.34,1.0,10.0
942996,10.0,175.62,24.0,4.0
944315,43.0,787.5,100.0,100.0
944460,10.0,45.34,7.0,2.0
944478,33.0,4775.93,12.0,6.0
944633,18.0,992.0,24.0,5.0
944639,10.0,11.64,14.0,5.0
946543,38.0,33244.93,0.0,10.0
947225,43.0,76.05,548.0,350.0
947489,45.0,3295.43,1.0,1.0
947665,17.0,58.81,7.0,2.0
947876,50.0,20613.76,0.0,15.0
948143,17.0,8.0,263.0,60.0
949426,28.0,458.25,11.0,4.0
949485,38.0,13.56,21.0,10.0
950637,8.0,734.41,5.0,15.0
950654,87.0,48.14,294.0,50.0
950740,33.0,625.5,22.0,15.0
950745,21.0,5152.0,1.0,2.0
951193,17.0,100.0,66.0,30.0
951395,38.0,30.46,20.0,15.0
951790,22.0,364.73,98.0,50.0
951884,50.0,2784.45,4.0,5.0
951956,31.0,36.0,103.0,100.0
951985,50.0,309.65,495.0,60.0
951995,33.0,977.67,4.0,2.0
952723,67.0,12.94,0.0,10.0
953308,38.0,61.02,11.0,50.0
954135,38.0,10124.29,25.0,15.0
954190,30.0,2265.54,9.0,10.0
954197,1.0,12844.36,10.0,5.0
954207,33.0,200.62,70.0,100.0
954725,31.0,130.0,155.0,50.0
955460,31.0,638.23,10.0,15.0
955461,50.0,6397.31,89.0,60.0
955729,24.0,594.75,12.0,1.0
955834,11.0,71.0,20.0,100.0
956130,45.0,9392.46,0.0,2.0
956179,18.0,703.52,37.0,4.0
956585,28.0,215.56,5.0,2.0
957058,31.0,56.42,451.0,400.0
957073,24.0,1.82,1421.0,1000.0
957461,38.0,41440.6,2.0,2.0
957675,21.0,1502.69,16.0,5.0
960095,10.0,20.03,1114.0,100.0
961761,21.0,34.08,493.0,150.0
962373,18.0,1400.0,5.0,1.0
962968,33.0,685.7,0.0,5.0
963065,18.0,764.79,11.0,5.0
963614,33.0,31.0,144.0,100.0
963816,28.0,95.0,1.0,2.0
965589,10.0,780.0,1.0,2.0
966540,10.0,180.0,27.0,5.0
966753,18.0,2.9,0.0,200.0
966945,10.0,0.49,2078.0,1500.0
967181,1.0,72181.51,0.0,1.0
967353,17.0,18093.65,3.0,2.0
967502,10.0,759.29,15.0,10.0
968501,45.0,198.0,24.0,80.0
968703,31.0,12667.06,27.0,20.0
968751,56.0,1265.97,0.0,3.0
968928,50.0,76015.96,3.0,2.0
969073,67.0,35.0,57.34,50.0
969173,48.0,560.66,7.0,4.0
969247,50.0,4326.15,5.0,5.0
969279,28.0,60.0,11.0,10.0
969476,77.0,5.98,278.0,10.0
970278,10.0,1469.25,99.0,30.0
970754,31.0,357.21,41.0,1.0
970852,18.0,1350.0,15.0,1.0
970960,17.0,2497.94,7.0,10.0
971055,10.0,48.3,14.0,10.0
971060,10.0,131.0,77.0,50.0
971067,31.0,28113.8,1.0,1.0
971266,1.0,11178.48,2.0,2.0
971721,10.0,65.17,24.0,500.0
971725,56.0,4633.46,0.0,10.0
971752,21.0,2621.86,3.0,1.0
971960,21.0,84.17,9.0,1.0
972440,28.0,9615.23,6.0,8.0
972496,50.0,11640.32,21.0,10.0
973169,24.0,54.12,69.0,50.0
973284,38.0,189.5,24.0,27.0
973414,60.0,1180.53,0.0,90.0
973912,77.0,13999.56,3.0,10.0
974030,33.0,530.0,12.0,6.0
974091,33.0,226.6,24.0,30.0
974149,33.0,449.88,15.0,5.0
974174,17.0,8275.0,2.0,5.0
974926,31.0,33583.05,2.0,5.0
975157,28.0,48.27,2523.0,400.0
975194,31.0,2188.12,4.0,4.0
975741,67.0,3224.09,22.0,25.0
975815,33.0,2200.0,2.0,1.0
976056,18.0,76.77,37.0,10.0
976119,10.0,2.65,51.0,100.0
976349,33.0,28.57,14.0,8.0
976397,48.0,220.0,53.0,10.0
976708,48.0,425.0,10.0,1.0
976780,21.0,9171.0,0.0,1.0
977034,21.0,33.0,407.0,400.0
977054,31.0,1182.59,5.0,10.0
977722,18.0,226.87,6.0,2.0
977821,24.0,3339.0,1.0,1.0
978153,10.0,2.4,14511.0,300.0
978446,24.0,1020.26,62.0,2.0
978463,50.0,6229.02,2.0,2.0
979198,38.0,463.8,7.0,5.0
979458,10.0,3.5,15824.0,250.0
979685,17.0,2500.0,9.0,5.0
979988,45.0,150.0,29.0,90.0
980204,38.0,25874.78,34.0,10.0
980410,67.0,8.24,1457.88,200.0
980597,50.0,5935.19,8.0,10.0
981080,10.0,12.0,122.485,5.0
982716,24.0,0.55,6516.0,2000.0
982801,1.0,13395.32,30.0,40.0
982868,30.0,1765.62,16.0,10.0
983247,10.0,39.68,86.0,10.0
983421,33.0,590.0,22.0,10.0
983459,18.0,7793.52,2.0,1.0
983618,24.0,2744.4,1.0,1.0
984945,59.0,9885.67,5.0,2.0
985321,50.0,4258.84,5.0,2.0
985837,10.0,2318.96,26.285,20.0
986510,31.0,24628.89,1.0,1.0
986677,18.0,3360.0,1.0,2.0
986698,28.0,11436.83,6.0,4.0
986791,18.0,295.74,21.0,5.0
987439,40.0,184.84,44.0,100.0
987628,10.0,1095.94,6.9,1.0
988230,18.0,18.75,314.0,10.0
988450,24.0,2394.98,6.0,1.0
988583,28.0,26.29,3357.0,1000.0
988898,24.0,62.02,69.0,17.0
988963,87.0,71.0,138.0,100.0
989004,33.0,40.0,173.0,50.0
989260,28.0,155.96,71.0,50.0
989446,24.0,60.0,82.0,100.0
990593,31.0,2711.75,7.0,15.0
991225,17.0,45.0,143.0,32.0
991788,33.0,1388.4,26.52,20.0
993790,8.0,1137.03,0.0,10.0
994308,30.0,253.16,22.0,5.0
994695,18.0,278.56,76.498,300.0
994812,48.0,618.96,23.0,4.0
995375,67.0,82.32,42.0,25.0
995464,1.0,5719.35,10.0,2.0
995621,38.0,9290.0,0.0,5.0
996079,33.0,650.0,12.0,4.0
996297,63.0,4796.52,8.0,2.0
996439,38.0,44503.83,1.0,1.0
996994,60.0,1871.93,0.0,90.0
997545,10.0,9.03,13.0,10.0
997708,10.0,800.0,5.0,3.0
997744,1.0,1200.0,1.0,1.0
997854,21.0,190.0,7.0,2.0
998093,38.0,28497.33,0.0,10.0
999672,31.0,2125.0,14.0,6.0
999832,33.0,465.0,0.0,8.0
